	2	.	,	3	1	¤	2	.	,	3	0	0	%	2	.	,	3	0	0	-	+	NaN	Infinity	-Infinity	‰
af	3	,	 	3	1	¤	2	,	 	3	0	1	%	3	,	 	3	1	1	-	+	NaN	∞	-∞	‰
af-NA	3	,	 	3	1	$	2	,	 	3	0	1	%	3	,	 	3	1	1	-	+	NaN	∞	-∞	‰
af-ZA	3	,	 	3	1	R	2	,	 	3	0	1	%	3	,	 	3	1	1	-	+	NaN	∞	-∞	‰
agq	3	,	 	3	1	¤	2	,	 	3	1	5	%	3	,	 	3	1	1	-	+	NaN	∞	-∞	‰
agq-CM	3	,	 	3	1	FCFA	0	,	 	3	1	5	%	3	,	 	3	1	1	-	+	NaN	∞	-∞	‰
ak	3	.	,	3	1	¤	2	.	,	3	0	1	%	3	.	,	3	1	1	-	+	NaN	∞	-∞	‰
ak-GH	3	.	,	3	1	GH₵	2	.	,	3	0	1	%	3	.	,	3	1	1	-	+	NaN	∞	-∞	‰
am	3	.	,	3	1	¤	2	.	,	3	0	1	%	3	.	,	3	1	1	-	+	በቁጥር ሊገለጽ የማይችል	∞	-∞	‰
am-ET	3	.	,	3	1	ብር	2	.	,	3	0	1	%	3	.	,	3	1	1	-	+	በቁጥር ሊገለጽ የማይችል	∞	-∞	‰
ar	3	.	,	3	1	¤	2	.	,	3	3	8	‎%‎	3	.	,	3	1	1	‎-	‎+	ليس رقمًا	∞	‎-∞	‰
ar-001	3	.	,	3	1	¤	2	.	,	3	3	8	‎%‎	3	.	,	3	1	1	‎-	‎+	ليس رقمًا	∞	‎-∞	‰
ar-AE	3	.	,	3	1	د.إ.‏	2	.	,	3	3	8	‎%‎	3	.	,	3	1	1	‎-	‎+	ليس رقمًا	∞	‎-∞	‰
ar-BH	3	٫	٬	3	1	د.ب.‏	3	٫	٬	3	3	8	٪؜	3	٫	٬	3	1	1	؜-	؜+	ليس رقمًا	∞	؜-∞	؉
ar-DJ	3	٫	٬	3	1	Fdj	0	٫	٬	3	3	8	٪؜	3	٫	٬	3	1	1	؜-	؜+	ليس رقمًا	∞	؜-∞	؉
ar-DZ	3	,	.	3	1	د.ج.‏	2	,	.	3	3	8	‎%‎	3	,	.	3	1	1	‎-	‎+	ليس رقمًا	∞	‎-∞	‰
ar-EG	3	٫	٬	3	1	ج.م.‏	2	٫	٬	3	3	8	٪؜	3	٫	٬	3	1	1	؜-	؜+	ليس رقمًا	∞	؜-∞	؉
ar-EH	3	.	,	3	1	د.م.‏	2	.	,	3	3	8	‎%‎	3	.	,	3	1	1	‎-	‎+	ليس رقمًا	∞	‎-∞	‰
ar-ER	3	٫	٬	3	1	Nfk	2	٫	٬	3	3	8	٪؜	3	٫	٬	3	1	1	؜-	؜+	ليس رقمًا	∞	؜-∞	؉
ar-IL	3	٫	٬	3	1	₪	2	٫	٬	3	3	8	٪؜	3	٫	٬	3	1	1	؜-	؜+	ليس رقمًا	∞	؜-∞	؉
ar-IQ	3	٫	٬	3	1	د.ع.‏	0	٫	٬	3	3	8	٪؜	3	٫	٬	3	1	1	؜-	؜+	ليس رقمًا	∞	؜-∞	؉
ar-JO	3	٫	٬	3	1	د.أ.‏	3	٫	٬	3	3	8	٪؜	3	٫	٬	3	1	1	؜-	؜+	ليس رقمًا	∞	؜-∞	؉
ar-KM	3	٫	٬	3	1	CF	0	٫	٬	3	3	8	٪؜	3	٫	٬	3	1	1	؜-	؜+	ليس رقمًا	∞	؜-∞	؉
ar-KW	3	٫	٬	3	1	د.ك.‏	3	٫	٬	3	3	8	٪؜	3	٫	٬	3	1	1	؜-	؜+	ليس رقمًا	∞	؜-∞	؉
ar-LB	3	٫	٬	3	1	ل.ل.‏	0	٫	٬	3	3	8	٪؜	3	٫	٬	3	1	1	؜-	؜+	ليس رقمًا	∞	؜-∞	؉
ar-LY	3	,	.	3	1	د.ل.‏	3	,	.	3	3	8	‎%‎	3	,	.	3	1	1	‎-	‎+	ليس رقمًا	∞	‎-∞	‰
ar-MA	3	,	.	3	1	د.م.‏	2	,	.	3	3	8	‎%‎	3	,	.	3	1	1	‎-	‎+	ليس رقمًا	∞	‎-∞	‰
ar-MR	3	٫	٬	3	1	أ.م.	2	٫	٬	3	3	8	٪؜	3	٫	٬	3	1	1	؜-	؜+	ليس رقمًا	∞	؜-∞	؉
ar-OM	3	٫	٬	3	1	ر.ع.‏	3	٫	٬	3	3	8	٪؜	3	٫	٬	3	1	1	؜-	؜+	ليس رقمًا	∞	؜-∞	؉
ar-PS	3	٫	٬	3	1	₪	2	٫	٬	3	3	8	٪؜	3	٫	٬	3	1	1	؜-	؜+	ليس رقمًا	∞	؜-∞	؉
ar-QA	3	٫	٬	3	1	ر.ق.‏	2	٫	٬	3	3	8	٪؜	3	٫	٬	3	1	1	؜-	؜+	ليس رقمًا	∞	؜-∞	؉
ar-SA	3	٫	٬	3	1	ر.س.‏	2	٫	٬	3	3	8	٪؜	3	٫	٬	3	1	1	؜-	؜+	ليس رقمًا	∞	؜-∞	؉
ar-SD	3	٫	٬	3	1	ج.س.	2	٫	٬	3	3	8	٪؜	3	٫	٬	3	1	1	؜-	؜+	ليس رقمًا	∞	؜-∞	؉
ar-SO	3	٫	٬	3	1	S	0	٫	٬	3	3	8	٪؜	3	٫	٬	3	1	1	؜-	؜+	ليس رقمًا	∞	؜-∞	؉
ar-SS	3	٫	٬	3	1	£	2	٫	٬	3	3	8	٪؜	3	٫	٬	3	1	1	؜-	؜+	ليس رقمًا	∞	؜-∞	؉
ar-SY	3	٫	٬	3	1	ل.س.‏	0	٫	٬	3	3	8	٪؜	3	٫	٬	3	1	1	؜-	؜+	ليس رقمًا	∞	؜-∞	؉
ar-TD	3	٫	٬	3	1	FCFA	0	٫	٬	3	3	8	٪؜	3	٫	٬	3	1	1	؜-	؜+	ليس رقمًا	∞	؜-∞	؉
ar-TN	3	,	.	3	1	د.ت.‏	3	,	.	3	3	8	‎%‎	3	,	.	3	1	1	‎-	‎+	ليس رقمًا	∞	‎-∞	‰
ar-YE	3	٫	٬	3	1	ر.ي.‏	0	٫	٬	3	3	8	٪؜	3	٫	٬	3	1	1	؜-	؜+	ليس رقمًا	∞	؜-∞	؉
as	3	.	,	3,2	1	¤	2	.	,	3,2	2	9	%	3	.	,	3,2	1	1	-	+	NaN	∞	-∞	‰
as-IN	3	.	,	3,2	1	₹	2	.	,	3,2	2	9	%	3	.	,	3,2	1	1	-	+	NaN	∞	-∞	‰
asa	3	.	,	3	1	¤	2	.	,	3	3	8	%	3	.	,	3	1	1	-	+	NaN	∞	-∞	‰
asa-TZ	3	.	,	3	1	TSh	2	.	,	3	3	8	%	3	.	,	3	1	1	-	+	NaN	∞	-∞	‰
ast	3	,	.	3	1	¤	2	,	.	3	3	8	%	3	,	.	3	1	1	-	+	ND	∞	-∞	‰
ast-ES	3	,	.	3	1	€	2	,	.	3	3	8	%	3	,	.	3	1	1	-	+	ND	∞	-∞	‰
az	3	,	.	3	1	¤	2	,	.	3	3	8	%	3	,	.	3	1	1	-	+	NaN	∞	-∞	‰
az-Cyrl	3	,	.	3	1	¤	2	,	.	3	3	8	%	3	,	.	3	1	1	-	+	NaN	∞	-∞	‰
az-Cyrl-AZ	3	,	.	3	1	₼	2	,	.	3	3	8	%	3	,	.	3	1	1	-	+	NaN	∞	-∞	‰
az-Latn	3	,	.	3	1	¤	2	,	.	3	3	8	%	3	,	.	3	1	1	-	+	NaN	∞	-∞	‰
az-Latn-AZ	3	,	.	3	1	₼	2	,	.	3	3	8	%	3	,	.	3	1	1	-	+	NaN	∞	-∞	‰
bas	3	,	 	3	1	¤	2	,	 	3	3	8	%	3	,	 	3	0	0	-	+	NaN	∞	-∞	‰
bas-CM	3	,	 	3	1	FCFA	0	,	 	3	3	8	%	3	,	 	3	0	0	-	+	NaN	∞	-∞	‰
be	3	,	 	3	1	¤	2	,	 	3	3	8	%	3	,	 	3	0	0	-	+	NaN	∞	-∞	‰
be-BY	3	,	 	3	1	Br	2	,	 	3	3	8	%	3	,	 	3	0	0	-	+	NaN	∞	-∞	‰
bem	3	.	,	3	1	¤	2	.	,	3	0	1	%	3	.	,	3	1	1	-	+	NaN	∞	-∞	‰
bem-ZM	3	.	,	3	1	K	2	.	,	3	0	1	%	3	.	,	3	1	1	-	+	NaN	∞	-∞	‰
bez	3	.	,	3	1	¤	2	.	,	3	1	5	%	3	.	,	3	1	1	-	+	NaN	∞	-∞	‰
bez-TZ	3	.	,	3	1	TSh	2	.	,	3	1	5	%	3	.	,	3	1	1	-	+	NaN	∞	-∞	‰
bg	3	,	 	3	1	¤	2	,	 	3	3	8	%	3	,	 	3	1	1	-	+	NaN	∞	-∞	‰
bg-BG	3	,	 	3	1	лв.	2	,	 	3	3	8	%	3	,	 	3	1	1	-	+	NaN	∞	-∞	‰
bgc	3	.	,	3	1	¤	2	.	,	3	2	9	%	3	.	,	3	1	1	-	+	NaN	∞	-∞	‰
bgc-IN	3	.	,	3	1	₹	2	.	,	3	2	9	%	3	.	,	3	1	1	-	+	NaN	∞	-∞	‰
bho	3	.	,	3	1	¤	2	.	,	3	0	1	%	3	.	,	3	1	1	-	+	NaN	∞	-∞	‰
bho-IN	3	.	,	3	1	₹	2	.	,	3	0	1	%	3	.	,	3	1	1	-	+	NaN	∞	-∞	‰
blo	3	,	 	3	1	¤	2	,	 	3	2	12	%	3	,	 	3	3	10	-	+	NaN	∞	-∞	‰
blo-BJ	3	,	 	3	1	F CFA	0	,	 	3	2	12	%	3	,	 	3	3	10	-	+	NaN	∞	-∞	‰
bm	3	.	,	3	1	¤	2	.	,	3	0	1	%	3	.	,	3	1	1	-	+	NaN	∞	-∞	‰
bm-ML	3	.	,	3	1	F CFA	0	.	,	3	0	1	%	3	.	,	3	1	1	-	+	NaN	∞	-∞	‰
bn	3	.	,	3,2	1	¤	2	.	,	3,2	1	5	%	3	.	,	3,2	1	1	-	+	NaN	∞	-∞	‰
bn-BD	3	.	,	3,2	1	৳	2	.	,	3,2	1	5	%	3	.	,	3,2	1	1	-	+	NaN	∞	-∞	‰
bn-IN	3	.	,	3,2	1	₹	2	.	,	3,2	0	1	%	3	.	,	3,2	1	1	-	+	NaN	∞	-∞	‰
bo	3	.	,	3	1	¤	2	.	,	3	2	9	%	3	.	,	3	1	1	-	+	NaN	∞	-∞	‰
bo-CN	3	.	,	3	1	¥	2	.	,	3	2	9	%	3	.	,	3	1	1	-	+	NaN	∞	-∞	‰
bo-IN	3	.	,	3	1	₹	2	.	,	3	2	9	%	3	.	,	3	1	1	-	+	NaN	∞	-∞	‰
br	3	,	 	3	1	¤	2	,	 	3	3	8	%	3	,	 	3	0	0	-	+	NaN	∞	-∞	‰
br-FR	3	,	 	3	1	€	2	,	 	3	3	8	%	3	,	 	3	0	0	-	+	NaN	∞	-∞	‰
brx	3	.	,	3,2	1	¤	2	.	,	3,2	2	9	%	3	.	,	3,2	1	1	-	+	NaN	∞	-∞	‰
brx-IN	3	.	,	3,2	1	₹	2	.	,	3,2	2	9	%	3	.	,	3,2	1	1	-	+	NaN	∞	-∞	‰
bs	3	,	.	3	1	¤	2	,	.	3	3	8	%	3	,	.	3	1	1	-	+	NaN	∞	-∞	‰
bs-Cyrl	3	,	.	3	1	¤	2	,	.	3	3	8	%	3	,	.	3	1	1	-	+	NaN	∞	-∞	‰
bs-Cyrl-BA	3	,	.	3	1	КМ	2	,	.	3	3	8	%	3	,	.	3	1	1	-	+	NaN	∞	-∞	‰
bs-Latn	3	,	.	3	1	¤	2	,	.	3	3	8	%	3	,	.	3	1	1	-	+	NaN	∞	-∞	‰
bs-Latn-BA	3	,	.	3	1	KM	2	,	.	3	3	8	%	3	,	.	3	1	1	-	+	NaN	∞	-∞	‰
ca	3	,	.	3	1	¤	2	,	.	3	3	8	%	3	,	.	3	0	0	-	+	NaN	∞	-∞	‰
ca-AD	3	,	.	3	1	€	2	,	.	3	3	8	%	3	,	.	3	0	0	-	+	NaN	∞	-∞	‰
ca-ES	3	,	.	3	1	€	2	,	.	3	3	8	%	3	,	.	3	0	0	-	+	NaN	∞	-∞	‰
ca-FR	3	,	.	3	1	€	2	,	.	3	3	8	%	3	,	.	3	0	0	-	+	NaN	∞	-∞	‰
ca-IT	3	,	.	3	1	€	2	,	.	3	3	8	%	3	,	.	3	0	0	-	+	NaN	∞	-∞	‰
ccp	3	.	,	3,2	1	¤	2	.	,	3,2	1	5	%	3	.	,	3,2	1	1	-	+	NaN	∞	-∞	‰
ccp-BD	3	.	,	3,2	1	৳	2	.	,	3,2	1	5	%	3	.	,	3,2	1	1	-	+	NaN	∞	-∞	‰
ccp-IN	3	.	,	3,2	1	₹	2	.	,	3,2	1	5	%	3	.	,	3,2	1	1	-	+	NaN	∞	-∞	‰
ce	3	.	,	3	1	¤	2	.	,	3	3	8	%	3	.	,	3	0	0	-	+	Терхьаш дац	∞	-∞	‰
ce-RU	3	.	,	3	1	₽	2	.	,	3	3	8	%	3	.	,	3	0	0	-	+	Терхьаш дац	∞	-∞	‰
ceb	3	.	,	3	1	¤	2	.	,	3	0	1	%	3	.	,	3	1	1	-	+	NaN	∞	-∞	‰
ceb-PH	3	.	,	3	1	₱	2	.	,	3	0	1	%	3	.	,	3	1	1	-	+	NaN	∞	-∞	‰
cgg	3	.	,	3	1	¤	2	.	,	3	0	1	%	3	.	,	3	1	1	-	+	NaN	∞	-∞	‰
cgg-UG	3	.	,	3	1	USh	0	.	,	3	0	1	%	3	.	,	3	1	1	-	+	NaN	∞	-∞	‰
chr	3	.	,	3	1	¤	2	.	,	3	0	1	%	3	.	,	3	1	1	-	+	NaN	∞	-∞	‰
chr-US	3	.	,	3	1	$	2	.	,	3	0	1	%	3	.	,	3	1	1	-	+	NaN	∞	-∞	‰
ckb	3	٫	٬	3	1	¤	2	٫	٬	3	3	8	٪	3	٫	٬	3	0	0	‏-	‏+	NaN	∞	‏-∞	؉
ckb-IQ	3	٫	٬	3	1	د.ع.‏	0	٫	٬	3	3	8	٪	3	٫	٬	3	0	0	‏-	‏+	NaN	∞	‏-∞	؉
ckb-IR	3	٫	٬	3	1	IRR	0	٫	٬	3	3	8	٪	3	٫	٬	3	0	0	‏-	‏+	NaN	∞	‏-∞	؉
cs	3	,	 	3	1	¤	2	,	 	3	3	8	%	3	,	 	3	0	0	-	+	NaN	∞	-∞	‰
cs-CZ	3	,	 	3	1	Kč	2	,	 	3	3	8	%	3	,	 	3	0	0	-	+	NaN	∞	-∞	‰
csw	3	.	,	3	1	¤	2	.	,	3	2	9	%	3	.	,	3	1	1	-	+	NaN	∞	-∞	‰
csw-CA	3	.	,	3	1	CA$	2	.	,	3	2	9	%	3	.	,	3	1	1	-	+	NaN	∞	-∞	‰
cv	3	,	 	3	1	¤	2	,	 	3	3	8	%	3	,	 	3	0	0	-	+	NaN	∞	-∞	‰
cv-RU	3	,	 	3	1	₽	2	,	 	3	3	8	%	3	,	 	3	0	0	-	+	NaN	∞	-∞	‰
cy	3	.	,	3	1	¤	2	.	,	3	0	1	%	3	.	,	3	1	1	-	+	NaN	∞	-∞	‰
cy-GB	3	.	,	3	1	£	2	.	,	3	0	1	%	3	.	,	3	1	1	-	+	NaN	∞	-∞	‰
da	3	,	.	3	1	¤	2	,	.	3	3	8	%	3	,	.	3	0	0	-	+	NaN	∞	-∞	‰
da-DK	3	,	.	3	1	kr.	2	,	.	3	3	8	%	3	,	.	3	0	0	-	+	NaN	∞	-∞	‰
da-GL	3	,	.	3	1	kr.	2	,	.	3	3	8	%	3	,	.	3	0	0	-	+	NaN	∞	-∞	‰
dav	3	.	,	3	1	¤	2	.	,	3	0	1	%	3	.	,	3	1	1	-	+	NaN	∞	-∞	‰
dav-KE	3	.	,	3	1	Ksh	2	.	,	3	0	1	%	3	.	,	3	1	1	-	+	NaN	∞	-∞	‰
de	3	,	.	3	1	¤	2	,	.	3	3	8	%	3	,	.	3	0	0	-	+	NaN	∞	-∞	‰
de-AT	3	,	 	3	1	€	2	,	.	3	2	9	%	3	,	 	3	0	0	-	+	NaN	∞	-∞	‰
de-BE	3	,	.	3	1	€	2	,	.	3	3	8	%	3	,	.	3	0	0	-	+	NaN	∞	-∞	‰
de-CH	3	.	’	3	1	CHF	2	.	’	3	2	2	%	3	.	’	3	1	1	-	+	NaN	∞	-∞	‰
de-DE	3	,	.	3	1	€	2	,	.	3	3	8	%	3	,	.	3	0	0	-	+	NaN	∞	-∞	‰
de-IT	3	,	.	3	1	€	2	,	.	3	3	8	%	3	,	.	3	0	0	-	+	NaN	∞	-∞	‰
de-LI	3	.	’	3	1	CHF	2	.	’	3	2	9	%	3	.	’	3	1	1	-	+	NaN	∞	-∞	‰
de-LU	3	,	.	3	1	€	2	,	.	3	3	8	%	3	,	.	3	0	0	-	+	NaN	∞	-∞	‰
dje	3	.	 	3	1	¤	2	.	 	3	1	5	%	3	.	 	3	1	1	-	+	NaN	∞	-∞	‰
dje-NE	3	.	 	3	1	F CFA	0	.	 	3	1	5	%	3	.	 	3	1	1	-	+	NaN	∞	-∞	‰
doi	3	.	,	3	1	¤	2	.	,	3	0	1	%	3	.	,	3	1	1	-	+	NaN	∞	-∞	‰
doi-IN	3	.	,	3	1	₹	2	.	,	3	0	1	%	3	.	,	3	1	1	-	+	NaN	∞	-∞	‰
dsb	3	,	.	3	1	¤	2	,	.	3	3	8	%	3	,	.	3	0	0	-	+	NaN	∞	-∞	‰
dsb-DE	3	,	.	3	1	€	2	,	.	3	3	8	%	3	,	.	3	0	0	-	+	NaN	∞	-∞	‰
dua	3	,	 	3	1	¤	2	,	 	3	3	8	%	3	,	 	3	0	0	-	+	NaN	∞	-∞	‰
dua-CM	3	,	 	3	1	FCFA	0	,	 	3	3	8	%	3	,	 	3	0	0	-	+	NaN	∞	-∞	‰
dyo	3	,	 	3	1	¤	2	,	 	3	3	8	%	3	,	 	3	1	1	-	+	NaN	∞	-∞	‰
dyo-SN	3	,	 	3	1	F CFA	0	,	 	3	3	8	%	3	,	 	3	1	1	-	+	NaN	∞	-∞	‰
dz	3	.	,	3,2	1	¤	2	.	,	3,2	0	1	%	3	.	,	3,2	0	0	-	+	ཨང་མད	གྲངས་མེད	-གྲངས་མེད	‰
dz-BT	3	.	,	3,2	1	Nu.	2	.	,	3,2	0	1	%	3	.	,	3,2	0	0	-	+	ཨང་མད	གྲངས་མེད	-གྲངས་མེད	‰
ebu	3	.	,	3	1	¤	2	.	,	3	0	1	%	3	.	,	3	1	1	-	+	NaN	∞	-∞	‰
ebu-KE	3	.	,	3	1	Ksh	2	.	,	3	0	1	%	3	.	,	3	1	1	-	+	NaN	∞	-∞	‰
ee	3	.	,	3	1	¤	2	.	,	3	0	1	%	3	.	,	3	1	1	-	+	mnn	∞	-∞	‰
ee-GH	3	.	,	3	1	GH₵	2	.	,	3	0	1	%	3	.	,	3	1	1	-	+	mnn	∞	-∞	‰
ee-TG	3	.	,	3	1	F CFA	0	.	,	3	0	1	%	3	.	,	3	1	1	-	+	mnn	∞	-∞	‰
el	3	,	.	3	1	¤	2	,	.	3	3	8	%	3	,	.	3	1	1	-	+	NaN	∞	-∞	‰
el-CY	3	,	.	3	1	€	2	,	.	3	3	8	%	3	,	.	3	1	1	-	+	NaN	∞	-∞	‰
el-GR	3	,	.	3	1	€	2	,	.	3	3	8	%	3	,	.	3	1	1	-	+	NaN	∞	-∞	‰
en	3	.	,	3	1	¤	2	.	,	3	0	1	%	3	.	,	3	1	1	-	+	NaN	∞	-∞	‰
en-001	3	.	,	3	1	¤	2	.	,	3	0	1	%	3	.	,	3	1	1	-	+	NaN	∞	-∞	‰
en-150	3	.	,	3	1	¤	2	.	,	3	3	8	%	3	.	,	3	1	1	-	+	NaN	∞	-∞	‰
en-AE	3	.	,	3	1	AED	2	.	,	3	0	1	%	3	.	,	3	1	1	-	+	NaN	∞	-∞	‰
en-AG	3	.	,	3	1	$	2	.	,	3	0	1	%	3	.	,	3	1	1	-	+	NaN	∞	-∞	‰
en-AI	3	.	,	3	1	$	2	.	,	3	0	1	%	3	.	,	3	1	1	-	+	NaN	∞	-∞	‰
en-AS	3	.	,	3	1	$	2	.	,	3	0	1	%	3	.	,	3	1	1	-	+	NaN	∞	-∞	‰
en-AT	3	,	.	3	1	€	2	,	.	3	2	9	%	3	,	.	3	0	0	-	+	NaN	∞	-∞	‰
en-AU	3	.	,	3	1	$	2	.	,	3	0	1	%	3	.	,	3	1	1	-	+	NaN	∞	-∞	‰
en-BB	3	.	,	3	1	$	2	.	,	3	0	1	%	3	.	,	3	1	1	-	+	NaN	∞	-∞	‰
en-BE	3	,	.	3	1	€	2	.	,	3	0	1	%	3	,	.	3	1	1	-	+	NaN	∞	-∞	‰
en-BI	3	.	,	3	1	FBu	0	.	,	3	0	1	%	3	.	,	3	1	1	-	+	NaN	∞	-∞	‰
en-BM	3	.	,	3	1	$	2	.	,	3	0	1	%	3	.	,	3	1	1	-	+	NaN	∞	-∞	‰
en-BS	3	.	,	3	1	$	2	.	,	3	0	1	%	3	.	,	3	1	1	-	+	NaN	∞	-∞	‰
en-BW	3	.	,	3	1	P	2	.	,	3	0	1	%	3	.	,	3	1	1	-	+	NaN	∞	-∞	‰
en-BZ	3	.	,	3	1	$	2	.	,	3	0	1	%	3	.	,	3	1	1	-	+	NaN	∞	-∞	‰
en-CA	3	.	,	3	1	$	2	.	,	3	0	1	%	3	.	,	3	1	1	-	+	NaN	∞	-∞	‰
en-CC	3	.	,	3	1	$	2	.	,	3	0	1	%	3	.	,	3	1	1	-	+	NaN	∞	-∞	‰
en-CH	3	.	’	3	1	CHF	2	.	’	3	2	2	%	3	.	’	3	1	1	-	+	NaN	∞	-∞	‰
en-CK	3	.	,	3	1	$	2	.	,	3	0	1	%	3	.	,	3	1	1	-	+	NaN	∞	-∞	‰
en-CM	3	.	,	3	1	FCFA	0	.	,	3	0	1	%	3	.	,	3	1	1	-	+	NaN	∞	-∞	‰
en-CX	3	.	,	3	1	$	2	.	,	3	0	1	%	3	.	,	3	1	1	-	+	NaN	∞	-∞	‰
en-CY	3	.	,	3	1	€	2	.	,	3	0	1	%	3	.	,	3	1	1	-	+	NaN	∞	-∞	‰
en-DE	3	,	.	3	1	€	2	.	,	3	0	1	%	3	,	.	3	0	0	-	+	NaN	∞	-∞	‰
en-DG	3	.	,	3	1	US$	2	.	,	3	0	1	%	3	.	,	3	1	1	-	+	NaN	∞	-∞	‰
en-DK	3	,	.	3	1	kr.	2	,	.	3	3	8	%	3	,	.	3	0	0	-	+	NaN	∞	-∞	‰
en-DM	3	.	,	3	1	$	2	.	,	3	0	1	%	3	.	,	3	1	1	-	+	NaN	∞	-∞	‰
en-ER	3	.	,	3	1	Nfk	2	.	,	3	0	1	%	3	.	,	3	1	1	-	+	NaN	∞	-∞	‰
en-FI	3	,	 	3	1	€	2	.	,	3	0	1	%	3	,	 	3	0	0	-	+	NaN	∞	-∞	‰
en-FJ	3	.	,	3	1	$	2	.	,	3	0	1	%	3	.	,	3	1	1	-	+	NaN	∞	-∞	‰
en-FK	3	.	,	3	1	£	2	.	,	3	0	1	%	3	.	,	3	1	1	-	+	NaN	∞	-∞	‰
en-FM	3	.	,	3	1	US$	2	.	,	3	0	1	%	3	.	,	3	1	1	-	+	NaN	∞	-∞	‰
en-GB	3	.	,	3	1	£	2	.	,	3	0	1	%	3	.	,	3	1	1	-	+	NaN	∞	-∞	‰
en-GD	3	.	,	3	1	$	2	.	,	3	0	1	%	3	.	,	3	1	1	-	+	NaN	∞	-∞	‰
en-GG	3	.	,	3	1	£	2	.	,	3	0	1	%	3	.	,	3	1	1	-	+	NaN	∞	-∞	‰
en-GH	3	.	,	3	1	GH₵	2	.	,	3	0	1	%	3	.	,	3	1	1	-	+	NaN	∞	-∞	‰
en-GI	3	.	,	3	1	£	2	.	,	3	0	1	%	3	.	,	3	1	1	-	+	NaN	∞	-∞	‰
en-GM	3	.	,	3	1	D	2	.	,	3	0	1	%	3	.	,	3	1	1	-	+	NaN	∞	-∞	‰
en-GU	3	.	,	3	1	$	2	.	,	3	0	1	%	3	.	,	3	1	1	-	+	NaN	∞	-∞	‰
en-GY	3	.	,	3	1	$	2	.	,	3	0	1	%	3	.	,	3	1	1	-	+	NaN	∞	-∞	‰
en-HK	3	.	,	3	1	HK$	2	.	,	3	0	1	%	3	.	,	3	1	1	-	+	NaN	∞	-∞	‰
en-ID	3	,	.	3	1	Rp	2	,	.	3	0	1	%	3	,	.	3	1	1	-	+	NaN	∞	-∞	‰
en-IE	3	.	,	3	1	€	2	.	,	3	0	1	%	3	.	,	3	1	1	-	+	NaN	∞	-∞	‰
en-IL	3	.	,	3	1	₪	2	.	,	3	0	1	%	3	.	,	3	1	1	-	+	NaN	∞	-∞	‰
en-IM	3	.	,	3	1	£	2	.	,	3	0	1	%	3	.	,	3	1	1	-	+	NaN	∞	-∞	‰
en-IN	3	.	,	3,2	1	₹	2	.	,	3,2	0	1	%	3	.	,	3,2	1	1	-	+	NaN	∞	-∞	‰
en-IO	3	.	,	3	1	US$	2	.	,	3	0	1	%	3	.	,	3	1	1	-	+	NaN	∞	-∞	‰
en-JE	3	.	,	3	1	£	2	.	,	3	0	1	%	3	.	,	3	1	1	-	+	NaN	∞	-∞	‰
en-JM	3	.	,	3	1	$	2	.	,	3	0	1	%	3	.	,	3	1	1	-	+	NaN	∞	-∞	‰
en-KE	3	.	,	3	1	Ksh	2	.	,	3	0	1	%	3	.	,	3	1	1	-	+	NaN	∞	-∞	‰
en-KI	3	.	,	3	1	$	2	.	,	3	0	1	%	3	.	,	3	1	1	-	+	NaN	∞	-∞	‰
en-KN	3	.	,	3	1	$	2	.	,	3	0	1	%	3	.	,	3	1	1	-	+	NaN	∞	-∞	‰
en-KY	3	.	,	3	1	$	2	.	,	3	0	1	%	3	.	,	3	1	1	-	+	NaN	∞	-∞	‰
en-LC	3	.	,	3	1	$	2	.	,	3	0	1	%	3	.	,	3	1	1	-	+	NaN	∞	-∞	‰
en-LR	3	.	,	3	1	$	2	.	,	3	0	1	%	3	.	,	3	1	1	-	+	NaN	∞	-∞	‰
en-LS	3	.	,	3	1	R	2	.	,	3	0	1	%	3	.	,	3	1	1	-	+	NaN	∞	-∞	‰
en-MG	3	.	,	3	1	Ar	0	.	,	3	0	1	%	3	.	,	3	1	1	-	+	NaN	∞	-∞	‰
en-MH	3	.	,	3	1	$	2	.	,	3	0	1	%	3	.	,	3	1	1	-	+	NaN	∞	-∞	‰
en-MO	3	.	,	3	1	MOP$	2	.	,	3	0	1	%	3	.	,	3	1	1	-	+	NaN	∞	-∞	‰
en-MP	3	.	,	3	1	$	2	.	,	3	0	1	%	3	.	,	3	1	1	-	+	NaN	∞	-∞	‰
en-MS	3	.	,	3	1	$	2	.	,	3	0	1	%	3	.	,	3	1	1	-	+	NaN	∞	-∞	‰
en-MT	3	.	,	3	1	€	2	.	,	3	0	1	%	3	.	,	3	1	1	-	+	NaN	∞	-∞	‰
en-MU	3	.	,	3	1	Rs	2	.	,	3	0	1	%	3	.	,	3	1	1	-	+	NaN	∞	-∞	‰
en-MV	3	.	,	3	1	Rf	2	.	,	3	2	9	%	3	.	,	3	1	1	-	+	NaN	∞	-∞	‰
en-MW	3	.	,	3	1	MK	2	.	,	3	0	1	%	3	.	,	3	1	1	-	+	NaN	∞	-∞	‰
en-MY	3	.	,	3	1	RM	2	.	,	3	0	1	%	3	.	,	3	1	1	-	+	NaN	∞	-∞	‰
en-NA	3	.	,	3	1	$	2	.	,	3	0	1	%	3	.	,	3	1	1	-	+	NaN	∞	-∞	‰
en-NF	3	.	,	3	1	$	2	.	,	3	0	1	%	3	.	,	3	1	1	-	+	NaN	∞	-∞	‰
en-NG	3	.	,	3	1	₦	2	.	,	3	0	1	%	3	.	,	3	1	1	-	+	NaN	∞	-∞	‰
en-NL	3	,	.	3	1	€	2	.	,	3	0	1	%	3	,	.	3	1	1	-	+	NaN	∞	-∞	‰
en-NR	3	.	,	3	1	$	2	.	,	3	0	1	%	3	.	,	3	1	1	-	+	NaN	∞	-∞	‰
en-NU	3	.	,	3	1	$	2	.	,	3	0	1	%	3	.	,	3	1	1	-	+	NaN	∞	-∞	‰
en-NZ	3	.	,	3	1	$	2	.	,	3	0	1	%	3	.	,	3	1	1	-	+	NaN	∞	-∞	‰
en-PG	3	.	,	3	1	K	2	.	,	3	0	1	%	3	.	,	3	1	1	-	+	NaN	∞	-∞	‰
en-PH	3	.	,	3	1	₱	2	.	,	3	0	1	%	3	.	,	3	1	1	-	+	NaN	∞	-∞	‰
en-PK	3	.	,	3	1	Rs	2	.	,	3	0	1	%	3	.	,	3	1	1	-	+	NaN	∞	-∞	‰
en-PN	3	.	,	3	1	$	2	.	,	3	0	1	%	3	.	,	3	1	1	-	+	NaN	∞	-∞	‰
en-PR	3	.	,	3	1	$	2	.	,	3	0	1	%	3	.	,	3	1	1	-	+	NaN	∞	-∞	‰
en-PW	3	.	,	3	1	US$	2	.	,	3	0	1	%	3	.	,	3	1	1	-	+	NaN	∞	-∞	‰
en-RW	3	.	,	3	1	RF	0	.	,	3	0	1	%	3	.	,	3	1	1	-	+	NaN	∞	-∞	‰
en-SB	3	.	,	3	1	$	2	.	,	3	0	1	%	3	.	,	3	1	1	-	+	NaN	∞	-∞	‰
en-SC	3	.	,	3	1	SR	2	.	,	3	0	1	%	3	.	,	3	1	1	-	+	NaN	∞	-∞	‰
en-SD	3	.	,	3	1	SDG	2	.	,	3	0	1	%	3	.	,	3	1	1	-	+	NaN	∞	-∞	‰
en-SE	3	,	 	3	1	kr	2	,	 	3	3	8	%	3	,	 	3	0	0	-	+	NaN	∞	-∞	‰
en-SG	3	.	,	3	1	$	2	.	,	3	0	1	%	3	.	,	3	1	1	-	+	NaN	∞	-∞	‰
en-SH	3	.	,	3	1	£	2	.	,	3	0	1	%	3	.	,	3	1	1	-	+	NaN	∞	-∞	‰
en-SI	3	,	.	3	1	€	2	.	,	3	0	1	%	3	,	.	3	1	1	-	+	NaN	∞	-∞	‰
en-SL	3	.	,	3	1	Le	2	.	,	3	0	1	%	3	.	,	3	1	1	-	+	NaN	∞	-∞	‰
en-SS	3	.	,	3	1	£	2	.	,	3	0	1	%	3	.	,	3	1	1	-	+	NaN	∞	-∞	‰
en-SX	3	.	,	3	1	Cg.	2	.	,	3	0	1	%	3	.	,	3	1	1	-	+	NaN	∞	-∞	‰
en-SZ	3	.	,	3	1	E	2	.	,	3	0	1	%	3	.	,	3	1	1	-	+	NaN	∞	-∞	‰
en-TC	3	.	,	3	1	US$	2	.	,	3	0	1	%	3	.	,	3	1	1	-	+	NaN	∞	-∞	‰
en-TK	3	.	,	3	1	$	2	.	,	3	0	1	%	3	.	,	3	1	1	-	+	NaN	∞	-∞	‰
en-TO	3	.	,	3	1	T$	2	.	,	3	0	1	%	3	.	,	3	1	1	-	+	NaN	∞	-∞	‰
en-TT	3	.	,	3	1	$	2	.	,	3	0	1	%	3	.	,	3	1	1	-	+	NaN	∞	-∞	‰
en-TV	3	.	,	3	1	$	2	.	,	3	0	1	%	3	.	,	3	1	1	-	+	NaN	∞	-∞	‰
en-TZ	3	.	,	3	1	TSh	2	.	,	3	0	1	%	3	.	,	3	1	1	-	+	NaN	∞	-∞	‰
en-UG	3	.	,	3	1	USh	0	.	,	3	0	1	%	3	.	,	3	1	1	-	+	NaN	∞	-∞	‰
en-UM	3	.	,	3	1	$	2	.	,	3	0	1	%	3	.	,	3	1	1	-	+	NaN	∞	-∞	‰
en-US	3	.	,	3	1	$	2	.	,	3	0	1	%	3	.	,	3	1	1	-	+	NaN	∞	-∞	‰
en-US-POSIX	6	.	,	0	1	$	2	.	,	0	2	9	%	6	.	,	0	1	1	-	+	NaN	INF	-INF	0/00
en-VC	3	.	,	3	1	$	2	.	,	3	0	1	%	3	.	,	3	1	1	-	+	NaN	∞	-∞	‰
en-VG	3	.	,	3	1	US$	2	.	,	3	0	1	%	3	.	,	3	1	1	-	+	NaN	∞	-∞	‰
en-VI	3	.	,	3	1	$	2	.	,	3	0	1	%	3	.	,	3	1	1	-	+	NaN	∞	-∞	‰
en-VU	3	.	,	3	1	VT	0	.	,	3	0	1	%	3	.	,	3	1	1	-	+	NaN	∞	-∞	‰
en-WS	3	.	,	3	1	WS$	2	.	,	3	0	1	%	3	.	,	3	1	1	-	+	NaN	∞	-∞	‰
en-ZA	3	,	 	3	1	R	2	,	 	3	0	1	%	3	,	 	3	1	1	-	+	NaN	∞	-∞	‰
en-ZM	3	.	,	3	1	K	2	.	,	3	0	1	%	3	.	,	3	1	1	-	+	NaN	∞	-∞	‰
en-ZW	3	.	,	3	1	ZWG	2	.	,	3	0	1	%	3	.	,	3	1	1	-	+	NaN	∞	-∞	‰
eo	3	,	 	3	1	¤	2	,	 	3	3	8	%	3	,	 	3	1	1	-	+	NaN	∞	-∞	‰
eo-001	3	,	 	3	1	¤	2	,	 	3	3	8	%	3	,	 	3	1	1	-	+	NaN	∞	-∞	‰
es	3	,	.	3	1	¤	2	,	.	3	3	8	%	3	,	.	3	0	0	-	+	NaN	∞	-∞	‰
es-419	3	.	,	3	1	¤	2	.	,	3	0	1	%	3	.	,	3	1	1	-	+	NaN	∞	-∞	‰
es-AR	3	,	.	3	1	$	2	,	.	3	2	9	%	3	,	.	3	1	1	-	+	NaN	∞	-∞	‰
es-BO	3	,	.	3	1	Bs	2	,	.	3	0	1	%	3	,	.	3	1	1	-	+	NaN	∞	-∞	‰
es-BR	3	.	,	3	1	R$	2	.	,	3	0	1	%	3	.	,	3	1	1	-	+	NaN	∞	-∞	‰
es-BZ	3	.	,	3	1	$	2	.	,	3	0	1	%	3	.	,	3	1	1	-	+	NaN	∞	-∞	‰
es-CL	3	,	.	3	1	$	0	,	.	3	0	2	%	3	,	.	3	1	1	-	+	NaN	∞	-∞	‰
es-CO	3	,	.	3	1	$	2	,	.	3	2	9	%	3	,	.	3	1	1	-	+	NaN	∞	-∞	‰
es-CR	3	,	 	3	1	₡	2	,	 	3	0	1	%	3	,	 	3	1	1	-	+	NaN	∞	-∞	‰
es-CU	3	.	,	3	1	$	2	.	,	3	0	1	%	3	.	,	3	1	1	-	+	NaN	∞	-∞	‰
es-DO	3	.	,	3	1	RD$	2	.	,	3	0	1	%	3	.	,	3	1	1	-	+	NaN	∞	-∞	‰
es-EA	3	,	.	3	1	€	2	,	.	3	3	8	%	3	,	.	3	0	0	-	+	NaN	∞	-∞	‰
es-EC	3	,	.	3	1	$	2	,	.	3	0	2	%	3	,	.	3	1	1	-	+	NaN	∞	-∞	‰
es-ES	3	,	.	3	1	€	2	,	.	3	3	8	%	3	,	.	3	0	0	-	+	NaN	∞	-∞	‰
es-GQ	3	,	.	3	1	FCFA	0	,	.	3	0	1	%	3	,	.	3	0	0	-	+	NaN	∞	-∞	‰
es-GT	3	.	,	3	1	Q	2	.	,	3	0	1	%	3	.	,	3	1	1	-	+	NaN	∞	-∞	‰
es-HN	3	.	,	3	1	L	2	.	,	3	0	1	%	3	.	,	3	1	1	-	+	NaN	∞	-∞	‰
es-IC	3	,	.	3	1	€	2	,	.	3	3	8	%	3	,	.	3	0	0	-	+	NaN	∞	-∞	‰
es-MX	3	.	,	3	1	$	2	.	,	3	0	1	%	3	.	,	3	1	1	-	+	NaN	∞	-∞	‰
es-NI	3	.	,	3	1	C$	2	.	,	3	0	1	%	3	.	,	3	1	1	-	+	NaN	∞	-∞	‰
es-PA	3	.	,	3	1	B/.	2	.	,	3	0	1	%	3	.	,	3	1	1	-	+	NaN	∞	-∞	‰
es-PE	3	.	,	3	1	S/	2	.	,	3	2	9	%	3	.	,	3	1	1	-	+	NaN	∞	-∞	‰
es-PH	3	,	.	3	1	₱	2	,	.	3	3	8	%	3	,	.	3	0	0	-	+	NaN	∞	-∞	‰
es-PR	3	.	,	3	1	$	2	.	,	3	0	1	%	3	.	,	3	1	1	-	+	NaN	∞	-∞	‰
es-PY	3	,	.	3	1	Gs.	0	,	.	3	2	12	%	3	,	.	3	1	1	-	+	NaN	∞	-∞	‰
es-SV	3	.	,	3	1	$	2	.	,	3	0	1	%	3	.	,	3	1	1	-	+	NaN	∞	-∞	‰
es-US	3	.	,	3	1	$	2	.	,	3	0	1	%	3	.	,	3	1	1	-	+	NaN	∞	-∞	‰
es-UY	3	,	.	3	1	$	2	,	.	3	2	9	%	3	,	.	3	1	1	-	+	NaN	∞	-∞	‰
es-VE	3	,	.	3	1	Bs.S	2	,	.	3	0	2	%	3	,	.	3	1	1	-	+	NaN	∞	-∞	‰
et	3	,	 	3	1	¤	2	,	 	3	3	8	%	3	,	 	3	1	1	−	+	NaN	∞	−∞	‰
et-EE	3	,	 	3	1	€	2	,	 	3	3	8	%	3	,	 	3	1	1	−	+	NaN	∞	−∞	‰
eu	3	,	.	3	1	¤	2	,	.	3	3	8	%	3	,	.	3	3	7	−	+	NaN	∞	−∞	‰
eu-ES	3	,	.	3	1	€	2	,	.	3	3	8	%	3	,	.	3	3	7	−	+	NaN	∞	−∞	‰
ewo	3	,	 	3	1	¤	2	,	 	3	3	8	%	3	,	 	3	1	1	-	+	NaN	∞	-∞	‰
ewo-CM	3	,	 	3	1	FCFA	0	,	 	3	3	8	%	3	,	 	3	1	1	-	+	NaN	∞	-∞	‰
fa	3	٫	٬	3	1	¤	2	٫	٬	3	0	1	٪	3	٫	٬	3	1	1	‎−	‎+	ناعدد	∞	‎−∞	؉
fa-AF	3	٫	٬	3	1	؋	0	٫	٬	3	2	9	٪	3	٫	٬	3	1	1	‎−	‎+	ناعدد	∞	‎−∞	؉
fa-IR	3	٫	٬	3	1	ریال	0	٫	٬	3	0	1	٪	3	٫	٬	3	1	1	‎−	‎+	ناعدد	∞	‎−∞	؉
ff	3	,	 	3	1	¤	2	,	 	3	3	8	%	3	,	 	3	1	1	-	+	NaN	∞	-∞	‰
ff-Adlm	3	.	⹁	3	1	¤	2	.	⹁	3	2	9	%	3	.	⹁	3	1	1	-	+	NaN	∞	-∞	‰
ff-Adlm-BF	3	.	⹁	3	1	𞤅𞤊𞤀	0	.	⹁	3	2	9	%	3	.	⹁	3	1	1	-	+	NaN	∞	-∞	‰
ff-Adlm-CM	3	.	⹁	3	1	𞤊𞤅𞤊𞤀	0	.	⹁	3	2	9	%	3	.	⹁	3	1	1	-	+	NaN	∞	-∞	‰
ff-Adlm-GH	3	.	⹁	3	1	GH₵	2	.	⹁	3	2	9	%	3	.	⹁	3	1	1	-	+	NaN	∞	-∞	‰
ff-Adlm-GM	3	.	⹁	3	1	D	2	.	⹁	3	2	9	%	3	.	⹁	3	1	1	-	+	NaN	∞	-∞	‰
ff-Adlm-GN	3	.	⹁	3	1	FG	0	.	⹁	3	2	9	%	3	.	⹁	3	1	1	-	+	NaN	∞	-∞	‰
ff-Adlm-GW	3	.	⹁	3	1	𞤅𞤊𞤀	0	.	⹁	3	2	9	%	3	.	⹁	3	1	1	-	+	NaN	∞	-∞	‰
ff-Adlm-LR	3	.	⹁	3	1	$	2	.	⹁	3	2	9	%	3	.	⹁	3	1	1	-	+	NaN	∞	-∞	‰
ff-Adlm-MR	3	.	⹁	3	1	UM	2	.	⹁	3	2	9	%	3	.	⹁	3	1	1	-	+	NaN	∞	-∞	‰
ff-Adlm-NE	3	.	⹁	3	1	𞤅𞤊𞤀	0	.	⹁	3	2	9	%	3	.	⹁	3	1	1	-	+	NaN	∞	-∞	‰
ff-Adlm-NG	3	.	⹁	3	1	₦	2	.	⹁	3	2	9	%	3	.	⹁	3	1	1	-	+	NaN	∞	-∞	‰
ff-Adlm-SL	3	.	⹁	3	1	Le	2	.	⹁	3	2	9	%	3	.	⹁	3	1	1	-	+	NaN	∞	-∞	‰
ff-Adlm-SN	3	.	⹁	3	1	𞤅𞤊𞤀	0	.	⹁	3	2	9	%	3	.	⹁	3	1	1	-	+	NaN	∞	-∞	‰
ff-Latn	3	,	 	3	1	¤	2	,	 	3	3	8	%	3	,	 	3	1	1	-	+	NaN	∞	-∞	‰
ff-Latn-BF	3	,	 	3	1	F CFA	0	,	 	3	3	8	%	3	,	 	3	1	1	-	+	NaN	∞	-∞	‰
ff-Latn-CM	3	,	 	3	1	FCFA	0	,	 	3	3	8	%	3	,	 	3	1	1	-	+	NaN	∞	-∞	‰
ff-Latn-GH	3	,	 	3	1	GH₵	2	,	 	3	3	8	%	3	,	 	3	1	1	-	+	NaN	∞	-∞	‰
ff-Latn-GM	3	,	 	3	1	D	2	,	 	3	3	8	%	3	,	 	3	1	1	-	+	NaN	∞	-∞	‰
ff-Latn-GN	3	,	 	3	1	FG	0	,	 	3	3	8	%	3	,	 	3	1	1	-	+	NaN	∞	-∞	‰
ff-Latn-GW	3	,	 	3	1	F CFA	0	,	 	3	3	8	%	3	,	 	3	1	1	-	+	NaN	∞	-∞	‰
ff-Latn-LR	3	,	 	3	1	$	2	,	 	3	3	8	%	3	,	 	3	1	1	-	+	NaN	∞	-∞	‰
ff-Latn-MR	3	,	 	3	1	UM	2	,	 	3	3	8	%	3	,	 	3	1	1	-	+	NaN	∞	-∞	‰
ff-Latn-NE	3	,	 	3	1	F CFA	0	,	 	3	3	8	%	3	,	 	3	1	1	-	+	NaN	∞	-∞	‰
ff-Latn-NG	3	,	 	3	1	₦	2	,	 	3	3	8	%	3	,	 	3	1	1	-	+	NaN	∞	-∞	‰
ff-Latn-SL	3	,	 	3	1	Le	2	,	 	3	3	8	%	3	,	 	3	1	1	-	+	NaN	∞	-∞	‰
ff-Latn-SN	3	,	 	3	1	F CFA	0	,	 	3	3	8	%	3	,	 	3	1	1	-	+	NaN	∞	-∞	‰
fi	3	,	 	3	1	¤	2	,	 	3	3	8	%	3	,	 	3	0	0	−	+	epäluku	∞	−∞	‰
fi-FI	3	,	 	3	1	€	2	,	 	3	3	8	%	3	,	 	3	0	0	−	+	epäluku	∞	−∞	‰
fil	3	.	,	3	1	¤	2	.	,	3	0	1	%	3	.	,	3	1	1	-	+	NaN	∞	-∞	‰
fil-PH	3	.	,	3	1	₱	2	.	,	3	0	1	%	3	.	,	3	1	1	-	+	NaN	∞	-∞	‰
fo	3	,	.	3	1	¤	2	,	.	3	3	8	%	3	,	.	3	0	0	−	+	NaN	∞	−∞	‰
fo-DK	3	,	.	3	1	kr.	2	,	.	3	3	8	%	3	,	.	3	0	0	−	+	NaN	∞	−∞	‰
fo-FO	3	,	.	3	1	kr	2	,	.	3	3	8	%	3	,	.	3	0	0	−	+	NaN	∞	−∞	‰
fr	3	,	 	3	1	¤	2	,	 	3	3	8	%	3	,	 	3	0	0	-	+	NaN	∞	-∞	‰
fr-BE	3	,	 	3	1	€	2	,	 	3	3	8	%	3	,	 	3	0	0	-	+	NaN	∞	-∞	‰
fr-BF	3	,	 	3	1	F CFA	0	,	 	3	3	8	%	3	,	 	3	0	0	-	+	NaN	∞	-∞	‰
fr-BI	3	,	 	3	1	FBu	0	,	 	3	3	8	%	3	,	 	3	0	0	-	+	NaN	∞	-∞	‰
fr-BJ	3	,	 	3	1	F CFA	0	,	 	3	3	8	%	3	,	 	3	0	0	-	+	NaN	∞	-∞	‰
fr-BL	3	,	 	3	1	€	2	,	 	3	3	8	%	3	,	 	3	0	0	-	+	NaN	∞	-∞	‰
fr-CA	3	,	 	3	1	$	2	,	 	3	3	8	%	3	,	 	3	0	0	-	+	NaN	∞	-∞	‰
fr-CD	3	,	 	3	1	FC	2	,	 	3	3	8	%	3	,	 	3	0	0	-	+	NaN	∞	-∞	‰
fr-CF	3	,	 	3	1	FCFA	0	,	 	3	3	8	%	3	,	 	3	0	0	-	+	NaN	∞	-∞	‰
fr-CG	3	,	 	3	1	FCFA	0	,	 	3	3	8	%	3	,	 	3	0	0	-	+	NaN	∞	-∞	‰
fr-CH	3	,	 	3	1	CHF	2	.	 	3	3	8	%	3	,	 	3	1	1	-	+	NaN	∞	-∞	‰
fr-CI	3	,	 	3	1	F CFA	0	,	 	3	3	8	%	3	,	 	3	0	0	-	+	NaN	∞	-∞	‰
fr-CM	3	,	 	3	1	FCFA	0	,	 	3	3	8	%	3	,	 	3	0	0	-	+	NaN	∞	-∞	‰
fr-DJ	3	,	 	3	1	Fdj	0	,	 	3	3	8	%	3	,	 	3	0	0	-	+	NaN	∞	-∞	‰
fr-DZ	3	,	 	3	1	DA	2	,	 	3	3	8	%	3	,	 	3	0	0	-	+	NaN	∞	-∞	‰
fr-FR	3	,	 	3	1	€	2	,	 	3	3	8	%	3	,	 	3	0	0	-	+	NaN	∞	-∞	‰
fr-GA	3	,	 	3	1	FCFA	0	,	 	3	3	8	%	3	,	 	3	0	0	-	+	NaN	∞	-∞	‰
fr-GF	3	,	 	3	1	€	2	,	 	3	3	8	%	3	,	 	3	0	0	-	+	NaN	∞	-∞	‰
fr-GN	3	,	 	3	1	FG	0	,	 	3	3	8	%	3	,	 	3	0	0	-	+	NaN	∞	-∞	‰
fr-GP	3	,	 	3	1	€	2	,	 	3	3	8	%	3	,	 	3	0	0	-	+	NaN	∞	-∞	‰
fr-GQ	3	,	 	3	1	FCFA	0	,	 	3	3	8	%	3	,	 	3	0	0	-	+	NaN	∞	-∞	‰
fr-HT	3	,	 	3	1	G	2	,	 	3	3	8	%	3	,	 	3	0	0	-	+	NaN	∞	-∞	‰
fr-KM	3	,	 	3	1	CF	0	,	 	3	3	8	%	3	,	 	3	0	0	-	+	NaN	∞	-∞	‰
fr-LU	3	,	.	3	1	€	2	,	.	3	3	8	%	3	,	.	3	0	0	-	+	NaN	∞	-∞	‰
fr-MA	3	,	.	3	1	MAD	2	,	.	3	3	8	%	3	,	.	3	0	0	-	+	NaN	∞	-∞	‰
fr-MC	3	,	 	3	1	€	2	,	 	3	3	8	%	3	,	 	3	0	0	-	+	NaN	∞	-∞	‰
fr-MF	3	,	 	3	1	€	2	,	 	3	3	8	%	3	,	 	3	0	0	-	+	NaN	∞	-∞	‰
fr-MG	3	,	 	3	1	Ar	0	,	 	3	3	8	%	3	,	 	3	0	0	-	+	NaN	∞	-∞	‰
fr-ML	3	,	 	3	1	F CFA	0	,	 	3	3	8	%	3	,	 	3	0	0	-	+	NaN	∞	-∞	‰
fr-MQ	3	,	 	3	1	€	2	,	 	3	3	8	%	3	,	 	3	0	0	-	+	NaN	∞	-∞	‰
fr-MR	3	,	 	3	1	UM	2	,	 	3	3	8	%	3	,	 	3	0	0	-	+	NaN	∞	-∞	‰
fr-MU	3	,	 	3	1	Rs	2	,	 	3	3	8	%	3	,	 	3	0	0	-	+	NaN	∞	-∞	‰
fr-NC	3	,	 	3	1	FCFP	0	,	 	3	3	8	%	3	,	 	3	0	0	-	+	NaN	∞	-∞	‰
fr-NE	3	,	 	3	1	F CFA	0	,	 	3	3	8	%	3	,	 	3	0	0	-	+	NaN	∞	-∞	‰
fr-PF	3	,	 	3	1	FCFP	0	,	 	3	3	8	%	3	,	 	3	0	0	-	+	NaN	∞	-∞	‰
fr-PM	3	,	 	3	1	€	2	,	 	3	3	8	%	3	,	 	3	0	0	-	+	NaN	∞	-∞	‰
fr-RE	3	,	 	3	1	€	2	,	 	3	3	8	%	3	,	 	3	0	0	-	+	NaN	∞	-∞	‰
fr-RW	3	,	 	3	1	RF	0	,	 	3	3	8	%	3	,	 	3	0	0	-	+	NaN	∞	-∞	‰
fr-SC	3	,	 	3	1	SR	2	,	 	3	3	8	%	3	,	 	3	0	0	-	+	NaN	∞	-∞	‰
fr-SN	3	,	 	3	1	F CFA	0	,	 	3	3	8	%	3	,	 	3	0	0	-	+	NaN	∞	-∞	‰
fr-SY	3	,	 	3	1	LS	0	,	 	3	3	8	%	3	,	 	3	0	0	-	+	NaN	∞	-∞	‰
fr-TD	3	,	 	3	1	FCFA	0	,	 	3	3	8	%	3	,	 	3	0	0	-	+	NaN	∞	-∞	‰
fr-TG	3	,	 	3	1	F CFA	0	,	 	3	3	8	%	3	,	 	3	0	0	-	+	NaN	∞	-∞	‰
fr-TN	3	,	 	3	1	DT	3	,	 	3	3	8	%	3	,	 	3	0	0	-	+	NaN	∞	-∞	‰
fr-VU	3	,	 	3	1	VT	0	,	 	3	3	8	%	3	,	 	3	0	0	-	+	NaN	∞	-∞	‰
fr-WF	3	,	 	3	1	FCFP	0	,	 	3	3	8	%	3	,	 	3	0	0	-	+	NaN	∞	-∞	‰
fr-YT	3	,	 	3	1	€	2	,	 	3	3	8	%	3	,	 	3	0	0	-	+	NaN	∞	-∞	‰
fur	3	,	.	3	1	¤	2	,	.	3	2	9	%	3	,	.	3	1	1	-	+	NaN	∞	-∞	‰
fur-IT	3	,	.	3	1	€	2	,	.	3	2	9	%	3	,	.	3	1	1	-	+	NaN	∞	-∞	‰
fy	3	,	.	3	1	¤	2	,	.	3	2	11	%	3	,	.	3	1	1	-	+	NaN	∞	-∞	‰
fy-NL	3	,	.	3	1	€	2	,	.	3	2	11	%	3	,	.	3	1	1	-	+	NaN	∞	-∞	‰
ga	3	.	,	3	1	¤	2	.	,	3	0	1	%	3	.	,	3	1	1	-	+	Nuimh	∞	-∞	‰
ga-GB	3	.	,	3	1	£	2	.	,	3	0	1	%	3	.	,	3	1	1	-	+	Nuimh	∞	-∞	‰
ga-IE	3	.	,	3	1	€	2	.	,	3	0	1	%	3	.	,	3	1	1	-	+	Nuimh	∞	-∞	‰
gaa	3	.	,	3	1	¤	2	.	,	3	2	9	%	3	.	,	3	1	1	-	+	NaN	∞	-∞	‰
gaa-GH	3	.	,	3	1	GHS	2	.	,	3	2	9	%	3	.	,	3	1	1	-	+	NaN	∞	-∞	‰
gd	3	.	,	3	1	¤	2	.	,	3	0	1	%	3	.	,	3	1	1	-	+	NaN	∞	-∞	‰
gd-GB	3	.	,	3	1	£	2	.	,	3	0	1	%	3	.	,	3	1	1	-	+	NaN	∞	-∞	‰
gl	3	,	.	3	1	¤	2	,	.	3	3	8	%	3	,	.	3	0	0	-	+	NaN	∞	-∞	‰
gl-ES	3	,	.	3	1	€	2	,	.	3	3	8	%	3	,	.	3	0	0	-	+	NaN	∞	-∞	‰
gsw	3	.	’	3	1	¤	2	.	’	3	3	8	%	3	.	’	3	0	0	−	+	NaN	∞	−∞	‰
gsw-CH	3	.	’	3	1	CHF	2	.	’	3	3	8	%	3	.	’	3	0	0	−	+	NaN	∞	−∞	‰
gsw-FR	3	.	’	3	1	€	2	.	’	3	3	8	%	3	.	’	3	0	0	−	+	NaN	∞	−∞	‰
gsw-LI	3	.	’	3	1	CHF	2	.	’	3	3	8	%	3	.	’	3	0	0	−	+	NaN	∞	−∞	‰
gu	3	.	,	3,2	1	¤	2	.	,	3,2	0	1	%	3	.	,	3,2	1	1	-	+	NaN	∞	-∞	‰
gu-IN	3	.	,	3,2	1	₹	2	.	,	3,2	0	1	%	3	.	,	3,2	1	1	-	+	NaN	∞	-∞	‰
guz	3	.	,	3	1	¤	2	.	,	3	0	1	%	3	.	,	3	1	1	-	+	NaN	∞	-∞	‰
guz-KE	3	.	,	3	1	Ksh	2	.	,	3	0	1	%	3	.	,	3	1	1	-	+	NaN	∞	-∞	‰
gv	3	.	,	3	1	¤	2	.	,	3	0	1	%	3	.	,	3	1	1	-	+	NaN	∞	-∞	‰
gv-IM	3	.	,	3	1	£	2	.	,	3	0	1	%	3	.	,	3	1	1	-	+	NaN	∞	-∞	‰
ha	3	.	,	3	1	¤	2	.	,	3	2	9	%	3	.	,	3	1	1	-	+	NaN	∞	-∞	‰
ha-GH	3	.	,	3	1	GH₵	2	.	,	3	2	9	%	3	.	,	3	1	1	-	+	NaN	∞	-∞	‰
ha-NE	3	.	,	3	1	F CFA	0	.	,	3	2	9	%	3	.	,	3	1	1	-	+	NaN	∞	-∞	‰
ha-NG	3	.	,	3	1	₦	2	.	,	3	2	9	%	3	.	,	3	1	1	-	+	NaN	∞	-∞	‰
haw	3	.	,	3	1	¤	2	.	,	3	0	1	%	3	.	,	3	1	1	-	+	NaN	∞	-∞	‰
haw-US	3	.	,	3	1	$	2	.	,	3	0	1	%	3	.	,	3	1	1	-	+	NaN	∞	-∞	‰
he	3	.	,	3	1	¤	2	.	,	3	3	8	%	3	.	,	3	1	1	‎-	‎+	NaN	∞	‎-∞	‰
he-IL	3	.	,	3	1	₪	2	.	,	3	3	8	%	3	.	,	3	1	1	‎-	‎+	NaN	∞	‎-∞	‰
hi	3	.	,	3,2	1	¤	2	.	,	3,2	0	1	%	3	.	,	3,2	1	1	-	+	NaN	∞	-∞	‰
hi-IN	3	.	,	3,2	1	₹	2	.	,	3,2	0	1	%	3	.	,	3,2	1	1	-	+	NaN	∞	-∞	‰
hi-Latn	3	.	,	3,2	1	¤	2	.	,	3,2	0	1	%	3	.	,	3,2	1	1	-	+	NaN	∞	-∞	‰
hi-Latn-IN	3	.	,	3,2	1	₹	2	.	,	3,2	0	1	%	3	.	,	3,2	1	1	-	+	NaN	∞	-∞	‰
hr	3	,	.	3	1	¤	2	,	.	3	3	8	%	3	,	.	3	0	0	−	+	NaN	∞	−∞	‰
hr-BA	3	,	.	3	1	KM	2	,	.	3	3	8	%	3	,	.	3	0	0	−	+	NaN	∞	−∞	‰
hr-HR	3	,	.	3	1	€	2	,	.	3	3	8	%	3	,	.	3	0	0	−	+	NaN	∞	−∞	‰
hsb	3	,	.	3	1	¤	2	,	.	3	3	8	%	3	,	.	3	0	0	-	+	NaN	∞	-∞	‰
hsb-DE	3	,	.	3	1	€	2	,	.	3	3	8	%	3	,	.	3	0	0	-	+	NaN	∞	-∞	‰
hu	3	,	 	3	1	¤	2	,	 	3	3	8	%	3	,	 	3	1	1	-	+	NaN	∞	-∞	‰
hu-HU	3	,	 	3	1	Ft	2	,	 	3	3	8	%	3	,	 	3	1	1	-	+	NaN	∞	-∞	‰
hy	3	,	 	3	1	¤	2	,	 	3	3	8	%	3	,	 	3	1	1	-	+	ՈչԹ	∞	-∞	‰
hy-AM	3	,	 	3	1	֏	2	,	 	3	3	8	%	3	,	 	3	1	1	-	+	ՈչԹ	∞	-∞	‰
ia	3	,	.	3	1	¤	2	,	.	3	2	9	%	3	,	.	3	1	1	-	+	NaN	∞	-∞	‰
ia-001	3	,	.	3	1	¤	2	,	.	3	2	9	%	3	,	.	3	1	1	-	+	NaN	∞	-∞	‰
id	3	,	.	3	1	¤	2	,	.	3	0	1	%	3	,	.	3	1	1	-	+	NaN	∞	-∞	‰
id-ID	3	,	.	3	1	Rp	2	,	.	3	0	1	%	3	,	.	3	1	1	-	+	NaN	∞	-∞	‰
ie	3	,	 	3	1	¤	2	,	 	3	2	12	%	3	,	 	3	1	1	-	+	NaN	∞	-∞	‰
ie-EE	3	,	 	3	1	€	2	,	 	3	2	12	%	3	,	 	3	1	1	-	+	NaN	∞	-∞	‰
ig	3	.	,	3	1	¤	2	.	,	3	0	1	%	3	.	,	3	1	1	-	+	NaN	∞	-∞	‰
ig-NG	3	.	,	3	1	₦	2	.	,	3	0	1	%	3	.	,	3	1	1	-	+	NaN	∞	-∞	‰
ii	3	.	,	3	1	¤	2	.	,	3	2	9	%	3	.	,	3	1	1	-	+	NaN	∞	-∞	‰
ii-CN	3	.	,	3	1	¥	2	.	,	3	2	9	%	3	.	,	3	1	1	-	+	NaN	∞	-∞	‰
is	3	,	.	3	1	¤	2	,	.	3	3	8	%	3	,	.	3	1	1	-	+	NaN	∞	-∞	‰
is-IS	3	,	.	3	1	kr.	0	,	.	3	3	8	%	3	,	.	3	1	1	-	+	NaN	∞	-∞	‰
it	3	,	.	3	1	¤	2	,	.	3	3	8	%	3	,	.	3	1	1	-	+	NaN	∞	-∞	‰
it-CH	3	.	’	3	1	CHF	2	.	’	3	2	2	%	3	.	’	3	1	1	-	+	NaN	∞	-∞	‰
it-IT	3	,	.	3	1	€	2	,	.	3	3	8	%	3	,	.	3	1	1	-	+	NaN	∞	-∞	‰
it-SM	3	,	.	3	1	€	2	,	.	3	3	8	%	3	,	.	3	1	1	-	+	NaN	∞	-∞	‰
it-VA	3	,	.	3	1	€	2	,	.	3	3	8	%	3	,	.	3	1	1	-	+	NaN	∞	-∞	‰
ja	3	.	,	3	1	¤	2	.	,	3	0	1	%	3	.	,	3	1	1	-	+	NaN	∞	-∞	‰
ja-JP	3	.	,	3	1	￥	0	.	,	3	0	1	%	3	.	,	3	1	1	-	+	NaN	∞	-∞	‰
jgo	3	,	.	3	1	¤	2	,	.	3	2	9	%	3	,	.	3	1	1	-	+	NaN	∞	-∞	‰
jgo-CM	3	,	.	3	1	FCFA	0	,	.	3	2	9	%	3	,	.	3	1	1	-	+	NaN	∞	-∞	‰
jmc	3	.	,	3	1	¤	2	.	,	3	0	1	%	3	.	,	3	1	1	-	+	NaN	∞	-∞	‰
jmc-TZ	3	.	,	3	1	TSh	2	.	,	3	0	1	%	3	.	,	3	1	1	-	+	NaN	∞	-∞	‰
jv	3	,	.	3	1	¤	2	,	.	3	2	9	%	3	,	.	3	1	1	-	+	NaN	∞	-∞	‰
jv-ID	3	,	.	3	1	Rp	2	,	.	3	2	9	%	3	,	.	3	1	1	-	+	NaN	∞	-∞	‰
ka	3	,	 	3	1	¤	2	,	 	3	3	8	%	3	,	 	3	1	1	-	+	არ არის რიცხვი	∞	-∞	‰
ka-GE	3	,	 	3	1	₾	2	,	 	3	3	8	%	3	,	 	3	1	1	-	+	არ არის რიცხვი	∞	-∞	‰
kab	3	,	 	3	1	¤	2	,	 	3	1	5	%	3	,	 	3	1	1	-	+	NaN	∞	-∞	‰
kab-DZ	3	,	 	3	1	DA	2	,	 	3	1	5	%	3	,	 	3	1	1	-	+	NaN	∞	-∞	‰
kam	3	.	,	3	1	¤	2	.	,	3	0	1	%	3	.	,	3	1	1	-	+	NaN	∞	-∞	‰
kam-KE	3	.	,	3	1	Ksh	2	.	,	3	0	1	%	3	.	,	3	1	1	-	+	NaN	∞	-∞	‰
kde	3	.	,	3	1	¤	2	.	,	3	0	1	%	3	.	,	3	1	1	-	+	NaN	∞	-∞	‰
kde-TZ	3	.	,	3	1	TSh	2	.	,	3	0	1	%	3	.	,	3	1	1	-	+	NaN	∞	-∞	‰
kea	3	,	 	3	1	¤	2	,	 	3	3	8	%	3	,	 	3	1	1	-	+	NaN	∞	-∞	‰
kea-CV	3	,	 	3	1	​	2	$	 	3	3	8	%	3	,	 	3	1	1	-	+	NaN	∞	-∞	‰
kgp	3	,	.	3	1	¤	2	,	.	3	2	9	%	3	,	.	3	1	1	-	+	NaN	∞	-∞	‰
kgp-BR	3	,	.	3	1	R$	2	,	.	3	2	9	%	3	,	.	3	1	1	-	+	NaN	∞	-∞	‰
khq	3	.	 	3	1	¤	2	.	 	3	1	5	%	3	.	 	3	1	1	-	+	NaN	∞	-∞	‰
khq-ML	3	.	 	3	1	F CFA	0	.	 	3	1	5	%	3	.	 	3	1	1	-	+	NaN	∞	-∞	‰
ki	3	.	,	3	1	¤	2	.	,	3	0	1	%	3	.	,	3	1	1	-	+	NaN	∞	-∞	‰
ki-KE	3	.	,	3	1	Ksh	2	.	,	3	0	1	%	3	.	,	3	1	1	-	+	NaN	∞	-∞	‰
kk	3	,	 	3	1	¤	2	,	 	3	3	8	%	3	,	 	3	1	1	-	+	сан емес	∞	-∞	‰
kk-Cyrl	3	,	 	3	1	¤	2	,	 	3	3	8	%	3	,	 	3	1	1	-	+	сан емес	∞	-∞	‰
kk-Cyrl-KZ	3	,	 	3	1	₸	2	,	 	3	3	8	%	3	,	 	3	1	1	-	+	сан емес	∞	-∞	‰
kk-KZ	3	,	 	3	1	₸	2	,	 	3	3	8	%	3	,	 	3	1	1	-	+	сан емес	∞	-∞	‰
kkj	3	,	.	3	1	¤	2	,	.	3	2	9	%	3	,	.	3	1	1	-	+	NaN	∞	-∞	‰
kkj-CM	3	,	.	3	1	FCFA	0	,	.	3	2	9	%	3	,	.	3	1	1	-	+	NaN	∞	-∞	‰
kl	3	,	.	3	1	¤	2	,	.	3	0	2	%	3	,	.	3	0	0	-	+	NaN	∞	-∞	‰
kl-GL	3	,	.	3	1	kr.	2	,	.	3	0	2	%	3	,	.	3	0	0	-	+	NaN	∞	-∞	‰
kln	3	.	,	3	1	¤	2	.	,	3	0	1	%	3	.	,	3	1	1	-	+	NaN	∞	-∞	‰
kln-KE	3	.	,	3	1	Ksh	2	.	,	3	0	1	%	3	.	,	3	1	1	-	+	NaN	∞	-∞	‰
km	3	.	,	3	1	¤	2	.	,	3	1	5	%	3	.	,	3	1	1	-	+	NaN	∞	-∞	‰
km-KH	3	.	,	3	1	៛	2	.	,	3	1	5	%	3	.	,	3	1	1	-	+	NaN	∞	-∞	‰
kn	3	.	,	3	1	¤	2	.	,	3	0	1	%	3	.	,	3	1	1	-	+	NaN	∞	-∞	‰
kn-IN	3	.	,	3	1	₹	2	.	,	3	0	1	%	3	.	,	3	1	1	-	+	NaN	∞	-∞	‰
ko	3	.	,	3	1	¤	2	.	,	3	0	1	%	3	.	,	3	1	1	-	+	NaN	∞	-∞	‰
ko-CN	3	.	,	3	1	CN¥	2	.	,	3	0	1	%	3	.	,	3	1	1	-	+	NaN	∞	-∞	‰
ko-KP	3	.	,	3	1	KPW	0	.	,	3	0	1	%	3	.	,	3	1	1	-	+	NaN	∞	-∞	‰
ko-KR	3	.	,	3	1	₩	0	.	,	3	0	1	%	3	.	,	3	1	1	-	+	NaN	∞	-∞	‰
kok	3	.	,	3	1	¤	2	.	,	3	2	9	%	3	.	,	3	1	1	-	+	NaN	∞	-∞	‰
kok-Deva	3	.	,	3	1	¤	2	.	,	3	2	9	%	3	.	,	3	1	1	-	+	NaN	∞	-∞	‰
kok-Deva-IN	3	.	,	3	1	₹	2	.	,	3	2	9	%	3	.	,	3	1	1	-	+	NaN	∞	-∞	‰
kok-Latn	3	.	,	3,2	1	¤	2	.	,	3,2	0	1	%	3	.	,	3,2	1	1	-	+	NaN	∞	-∞	‰
kok-Latn-IN	3	.	,	3,2	1	₹	2	.	,	3,2	0	1	%	3	.	,	3,2	1	1	-	+	NaN	∞	-∞	‰
ks	3	٫	٬	3	1	¤	2	٫	٬	3	0	1	٪	3	٫	٬	3	1	1	‎-‎	‎+‎	NaN	∞	‎-‎∞	؉
ks-Arab	3	٫	٬	3	1	¤	2	٫	٬	3	0	1	٪	3	٫	٬	3	1	1	‎-‎	‎+‎	NaN	∞	‎-‎∞	؉
ks-Arab-IN	3	٫	٬	3	1	₹	2	٫	٬	3	0	1	٪	3	٫	٬	3	1	1	‎-‎	‎+‎	NaN	∞	‎-‎∞	؉
ks-Deva	3	.	,	3	1	¤	2	.	,	3	2	9	%	3	.	,	3	1	1	-	+	NaN	∞	-∞	‰
ks-Deva-IN	3	.	,	3	1	₹	2	.	,	3	2	9	%	3	.	,	3	1	1	-	+	NaN	∞	-∞	‰
ksb	3	.	,	3	1	¤	2	.	,	3	1	5	%	3	.	,	3	1	1	-	+	NaN	∞	-∞	‰
ksb-TZ	3	.	,	3	1	TSh	2	.	,	3	1	5	%	3	.	,	3	1	1	-	+	NaN	∞	-∞	‰
ksf	3	,	 	3	1	¤	2	,	 	3	3	8	%	3	,	 	3	1	1	-	+	NaN	∞	-∞	‰
ksf-CM	3	,	 	3	1	FCFA	0	,	 	3	3	8	%	3	,	 	3	1	1	-	+	NaN	∞	-∞	‰
ksh	3	,	 	3	1	¤	2	,	 	3	3	8	%	3	,	 	3	0	0	−	+	NaN	∞	−∞	‰
ksh-DE	3	,	 	3	1	€	2	,	 	3	3	8	%	3	,	 	3	0	0	−	+	NaN	∞	−∞	‰
ku	3	,	.	3	1	¤	2	,	.	3	3	8	%	3	,	.	3	2	2	-	+	NaN	∞	-∞	‰
ku-TR	3	,	.	3	1	₺	2	,	.	3	3	8	%	3	,	.	3	2	2	-	+	NaN	∞	-∞	‰
kw	3	.	,	3	1	¤	2	.	,	3	0	1	%	3	.	,	3	1	1	-	+	NaN	∞	-∞	‰
kw-GB	3	.	,	3	1	£	2	.	,	3	0	1	%	3	.	,	3	1	1	-	+	NaN	∞	-∞	‰
kxv	3	.	,	3,2	1	¤	2	.	,	3,2	0	1	%	3	.	,	3,2	1	1	-	+	NaN	∞	-∞	‰
kxv-Deva	3	.	,	3,2	1	¤	2	.	,	3,2	0	1	%	3	.	,	3,2	1	1	-	+	NaN	∞	-∞	‰
kxv-Deva-IN	3	.	,	3,2	1	₹	2	.	,	3,2	0	1	%	3	.	,	3,2	1	1	-	+	NaN	∞	-∞	‰
kxv-Latn	3	.	,	3,2	1	¤	2	.	,	3,2	0	1	%	3	.	,	3,2	1	1	-	+	NaN	∞	-∞	‰
kxv-Latn-IN	3	.	,	3,2	1	₹	2	.	,	3,2	0	1	%	3	.	,	3,2	1	1	-	+	NaN	∞	-∞	‰
kxv-Orya	3	.	,	3,2	1	¤	2	.	,	3,2	0	1	%	3	.	,	3,2	1	1	-	+	NaN	∞	-∞	‰
kxv-Orya-IN	3	.	,	3,2	1	₹	2	.	,	3,2	0	1	%	3	.	,	3,2	1	1	-	+	NaN	∞	-∞	‰
kxv-Telu	3	.	,	3,2	1	¤	2	.	,	3,2	0	1	%	3	.	,	3,2	1	1	-	+	NaN	∞	-∞	‰
kxv-Telu-IN	3	.	,	3,2	1	₹	2	.	,	3,2	0	1	%	3	.	,	3,2	1	1	-	+	NaN	∞	-∞	‰
ky	3	,	 	3	1	¤	2	,	 	3	3	8	%	3	,	 	3	1	1	-	+	сан эмес	∞	-∞	‰
ky-KG	3	,	 	3	1	сом	2	,	 	3	3	8	%	3	,	 	3	1	1	-	+	сан эмес	∞	-∞	‰
lag	3	.	,	3	1	¤	2	.	,	3	2	9	%	3	.	,	3	1	1	-	+	NaN	∞	-∞	‰
lag-TZ	3	.	,	3	1	TSh	2	.	,	3	2	9	%	3	.	,	3	1	1	-	+	NaN	∞	-∞	‰
lb	3	,	.	3	1	¤	2	,	.	3	3	8	%	3	,	.	3	0	0	-	+	NaN	∞	-∞	‰
lb-LU	3	,	.	3	1	€	2	,	.	3	3	8	%	3	,	.	3	0	0	-	+	NaN	∞	-∞	‰
lg	3	.	,	3	1	¤	2	.	,	3	1	5	%	3	.	,	3	1	1	-	+	NaN	∞	-∞	‰
lg-UG	3	.	,	3	1	USh	0	.	,	3	1	5	%	3	.	,	3	1	1	-	+	NaN	∞	-∞	‰
lij	3	,	.	3	1	¤	2	,	.	3	3	8	%	3	,	.	3	1	1	-	+	NaN	∞	-∞	‰
lij-IT	3	,	.	3	1	€	2	,	.	3	3	8	%	3	,	.	3	1	1	-	+	NaN	∞	-∞	‰
lkt	3	.	,	3	1	¤	2	.	,	3	2	9	%	3	.	,	3	1	1	-	+	NaN	∞	-∞	‰
lkt-US	3	.	,	3	1	$	2	.	,	3	2	9	%	3	.	,	3	1	1	-	+	NaN	∞	-∞	‰
lmo	3	,	’	3	1	¤	2	,	’	3	2	9	%	3	,	’	3	1	1	-	+	NaN	∞	-∞	‰
lmo-IT	3	,	’	3	1	€	2	,	’	3	2	9	%	3	,	’	3	1	1	-	+	NaN	∞	-∞	‰
ln	3	,	.	3	1	¤	2	,	.	3	3	8	%	3	,	.	3	1	1	-	+	NaN	∞	-∞	‰
ln-AO	3	,	.	3	1	Kz	2	,	.	3	3	8	%	3	,	.	3	1	1	-	+	NaN	∞	-∞	‰
ln-CD	3	,	.	3	1	FC	2	,	.	3	3	8	%	3	,	.	3	1	1	-	+	NaN	∞	-∞	‰
ln-CF	3	,	.	3	1	FCFA	0	,	.	3	3	8	%	3	,	.	3	1	1	-	+	NaN	∞	-∞	‰
ln-CG	3	,	.	3	1	FCFA	0	,	.	3	3	8	%	3	,	.	3	1	1	-	+	NaN	∞	-∞	‰
lo	3	,	.	3	1	¤	2	,	.	3	0	2	%	3	,	.	3	1	1	-	+	ບໍ່​ແມ່ນ​ໂຕ​ເລກ	∞	-∞	‰
lo-LA	3	,	.	3	1	₭	0	,	.	3	0	2	%	3	,	.	3	1	1	-	+	ບໍ່​ແມ່ນ​ໂຕ​ເລກ	∞	-∞	‰
lrc	3	٫	٬	3	1	¤	2	٫	٬	3	2	9	٪	3	٫	٬	3	1	1	‎-‎	‎+‎	NaN	∞	‎-‎∞	؉
lrc-IQ	3	٫	٬	3	1	د.ع.‏	0	٫	٬	3	2	9	٪	3	٫	٬	3	1	1	‎-‎	‎+‎	NaN	∞	‎-‎∞	؉
lrc-IR	3	٫	٬	3	1	IRR	0	٫	٬	3	2	9	٪	3	٫	٬	3	1	1	‎-‎	‎+‎	NaN	∞	‎-‎∞	؉
lt	3	,	 	3	1	¤	2	,	 	3	3	8	%	3	,	 	3	0	0	−	+	NaN	∞	−∞	‰
lt-LT	3	,	 	3	1	€	2	,	 	3	3	8	%	3	,	 	3	0	0	−	+	NaN	∞	−∞	‰
lu	3	,	.	3	1	¤	2	,	.	3	1	5	%	3	,	.	3	1	1	-	+	NaN	∞	-∞	‰
lu-CD	3	,	.	3	1	FC	2	,	.	3	1	5	%	3	,	.	3	1	1	-	+	NaN	∞	-∞	‰
luo	3	.	,	3	1	¤	2	.	,	3	1	5	%	3	.	,	3	1	1	-	+	NaN	∞	-∞	‰
luo-KE	3	.	,	3	1	Ksh	2	.	,	3	1	5	%	3	.	,	3	1	1	-	+	NaN	∞	-∞	‰
luy	3	.	,	3	1	¤	2	.	,	3	0	16	%	3	.	,	3	1	1	-	+	NaN	∞	-∞	‰
luy-KE	3	.	,	3	1	Ksh	2	.	,	3	0	16	%	3	.	,	3	1	1	-	+	NaN	∞	-∞	‰
lv	3	,	 	3	1	¤	2	,	 	3	3	8	%	3	,	 	3	1	1	-	+	NS	∞	-∞	‰
lv-LV	3	,	 	3	1	€	2	,	 	3	3	8	%	3	,	 	3	1	1	-	+	NS	∞	-∞	‰
mai	3	.	,	3	1	¤	2	.	,	3	2	9	%	3	.	,	3	1	1	-	+	NaN	∞	-∞	‰
mai-IN	3	.	,	3	1	₹	2	.	,	3	2	9	%	3	.	,	3	1	1	-	+	NaN	∞	-∞	‰
mas	3	.	,	3	1	¤	2	.	,	3	0	1	%	3	.	,	3	1	1	-	+	NaN	∞	-∞	‰
mas-KE	3	.	,	3	1	Ksh	2	.	,	3	0	1	%	3	.	,	3	1	1	-	+	NaN	∞	-∞	‰
mas-TZ	3	.	,	3	1	TSh	2	.	,	3	0	1	%	3	.	,	3	1	1	-	+	NaN	∞	-∞	‰
mer	3	.	,	3	1	¤	2	.	,	3	0	1	%	3	.	,	3	1	1	-	+	NaN	∞	-∞	‰
mer-KE	3	.	,	3	1	Ksh	2	.	,	3	0	1	%	3	.	,	3	1	1	-	+	NaN	∞	-∞	‰
mfe	3	.	 	3	1	¤	2	.	 	3	2	9	%	3	.	 	3	1	1	-	+	NaN	∞	-∞	‰
mfe-MU	3	.	 	3	1	Rs	2	.	 	3	2	9	%	3	.	 	3	1	1	-	+	NaN	∞	-∞	‰
mg	3	.	,	3	1	¤	2	.	,	3	2	9	%	3	.	,	3	1	1	-	+	NaN	∞	-∞	‰
mg-MG	3	.	,	3	1	Ar	0	.	,	3	2	9	%	3	.	,	3	1	1	-	+	NaN	∞	-∞	‰
mgh	3	,	.	3	1	¤	2	,	.	3	2	9	%	3	,	.	3	1	1	-	+	NaN	∞	-∞	‰
mgh-MZ	3	,	.	3	1	MTn	2	,	.	3	2	9	%	3	,	.	3	1	1	-	+	NaN	∞	-∞	‰
mgo	3	.	,	3	1	¤	2	.	,	3	2	9	%	3	.	,	3	1	1	-	+	NaN	∞	-∞	‰
mgo-CM	3	.	,	3	1	FCFA	0	.	,	3	2	9	%	3	.	,	3	1	1	-	+	NaN	∞	-∞	‰
mi	3	.	,	3	1	¤	2	.	,	3	2	9	%	3	.	,	3	1	1	-	+	NaN	∞	-∞	‰
mi-NZ	3	.	,	3	1	$	2	.	,	3	2	9	%	3	.	,	3	1	1	-	+	NaN	∞	-∞	‰
mk	3	,	.	3	1	¤	2	,	.	3	3	8	%	3	,	.	3	0	0	-	+	NaN	∞	-∞	‰
mk-MK	3	,	.	3	1	ден.	2	,	.	3	3	8	%	3	,	.	3	0	0	-	+	NaN	∞	-∞	‰
ml	3	.	,	3,2	1	¤	2	.	,	3	0	1	%	3	.	,	3,2	1	1	-	+	NaN	∞	-∞	‰
ml-IN	3	.	,	3,2	1	₹	2	.	,	3	0	1	%	3	.	,	3,2	1	1	-	+	NaN	∞	-∞	‰
mn	3	.	,	3	1	¤	2	.	,	3	2	9	%	3	.	,	3	1	1	-	+	NaN	∞	-∞	‰
mn-MN	3	.	,	3	1	₮	2	.	,	3	2	9	%	3	.	,	3	1	1	-	+	NaN	∞	-∞	‰
mni	3	.	,	3	1	¤	2	.	,	3	2	9	%	3	.	,	3	1	1	-	+	NaN	∞	-∞	‰
mni-Beng	3	.	,	3	1	¤	2	.	,	3	2	9	%	3	.	,	3	1	1	-	+	NaN	∞	-∞	‰
mni-Beng-IN	3	.	,	3	1	₹	2	.	,	3	2	9	%	3	.	,	3	1	1	-	+	NaN	∞	-∞	‰
mr	3	.	,	3,2	1	¤	2	.	,	3	0	1	%	3	.	,	3,2	1	1	-	+	NaN	∞	-∞	‰
mr-IN	3	.	,	3,2	1	₹	2	.	,	3	0	1	%	3	.	,	3,2	1	1	-	+	NaN	∞	-∞	‰
ms	3	.	,	3	1	¤	2	.	,	3	0	1	%	3	.	,	3	1	1	-	+	NaN	∞	-∞	‰
ms-BN	3	,	.	3	1	$	2	,	.	3	2	9	%	3	,	.	3	1	1	-	+	NaN	∞	-∞	‰
ms-ID	3	,	.	3	1	Rp	2	,	.	3	0	1	%	3	,	.	3	1	1	-	+	NaN	∞	-∞	‰
ms-MY	3	.	,	3	1	RM	2	.	,	3	0	1	%	3	.	,	3	1	1	-	+	NaN	∞	-∞	‰
ms-SG	3	.	,	3	1	$	2	.	,	3	0	1	%	3	.	,	3	1	1	-	+	NaN	∞	-∞	‰
mt	3	.	,	3	1	¤	2	.	,	3	0	1	%	3	.	,	3	1	1	-	+	NaN	∞	-∞	‰
mt-MT	3	.	,	3	1	€	2	.	,	3	0	1	%	3	.	,	3	1	1	-	+	NaN	∞	-∞	‰
mua	3	,	.	3	1	¤	2	,	.	3	0	1	%	3	,	.	3	1	1	-	+	NaN	∞	-∞	‰
mua-CM	3	,	.	3	1	FCFA	0	,	.	3	0	1	%	3	,	.	3	1	1	-	+	NaN	∞	-∞	‰
my	3	.	,	3	1	¤	2	.	,	3	3	8	%	3	.	,	3	1	1	-	+	ဂဏန်းမဟုတ်သော	∞	-∞	‰
my-MM	3	.	,	3	1	K	0	.	,	3	3	8	%	3	.	,	3	1	1	-	+	ဂဏန်းမဟုတ်သော	∞	-∞	‰
mzn	3	٫	٬	3	1	¤	2	٫	٬	3	2	9	٪	3	٫	٬	3	1	1	‎-‎	‎+‎	NaN	∞	‎-‎∞	؉
mzn-IR	3	٫	٬	3	1	IRR	0	٫	٬	3	2	9	٪	3	٫	٬	3	1	1	‎-‎	‎+‎	NaN	∞	‎-‎∞	؉
naq	3	.	,	3	1	¤	2	.	,	3	0	1	%	3	.	,	3	1	1	-	+	NaN	∞	-∞	‰
naq-NA	3	.	,	3	1	$	2	.	,	3	0	1	%	3	.	,	3	1	1	-	+	NaN	∞	-∞	‰
nb	3	,	 	3	1	¤	2	,	 	3	3	8	%	3	,	 	3	0	0	−	+	NaN	∞	−∞	‰
nb-NO	3	,	 	3	1	kr	2	,	 	3	3	8	%	3	,	 	3	0	0	−	+	NaN	∞	−∞	‰
nb-SJ	3	,	 	3	1	kr	2	,	 	3	3	8	%	3	,	 	3	0	0	−	+	NaN	∞	−∞	‰
nd	3	.	,	3	1	¤	2	.	,	3	0	1	%	3	.	,	3	1	1	-	+	NaN	∞	-∞	‰
nd-ZW	3	.	,	3	1	ZWG	2	.	,	3	0	1	%	3	.	,	3	1	1	-	+	NaN	∞	-∞	‰
nds	3	,	.	3	1	¤	2	,	.	3	3	8	%	3	,	.	3	0	0	-	+	NaN	∞	-∞	‰
nds-DE	3	,	.	3	1	€	2	,	.	3	3	8	%	3	,	.	3	0	0	-	+	NaN	∞	-∞	‰
nds-NL	3	,	.	3	1	€	2	,	.	3	3	8	%	3	,	.	3	0	0	-	+	NaN	∞	-∞	‰
ne	3	.	,	3,2	1	¤	2	.	,	3,2	2	9	%	3	.	,	3,2	1	1	-	+	NaN	∞	-∞	‰
ne-IN	3	.	,	3,2	1	₹	2	.	,	3,2	2	9	%	3	.	,	3,2	1	1	-	+	NaN	∞	-∞	‰
ne-NP	3	.	,	3,2	1	नेरू	2	.	,	3,2	2	9	%	3	.	,	3,2	1	1	-	+	NaN	∞	-∞	‰
nl	3	,	.	3	1	¤	2	,	.	3	2	12	%	3	,	.	3	1	1	-	+	NaN	∞	-∞	‰
nl-AW	3	,	.	3	1	Afl.	2	,	.	3	2	12	%	3	,	.	3	1	1	-	+	NaN	∞	-∞	‰
nl-BE	3	,	.	3	1	€	2	,	.	3	2	12	%	3	,	.	3	1	1	-	+	NaN	∞	-∞	‰
nl-BQ	3	,	.	3	1	$	2	,	.	3	2	12	%	3	,	.	3	1	1	-	+	NaN	∞	-∞	‰
nl-CW	3	,	.	3	1	Cg.	2	,	.	3	2	12	%	3	,	.	3	1	1	-	+	NaN	∞	-∞	‰
nl-NL	3	,	.	3	1	€	2	,	.	3	2	12	%	3	,	.	3	1	1	-	+	NaN	∞	-∞	‰
nl-SR	3	,	.	3	1	$	2	,	.	3	2	12	%	3	,	.	3	1	1	-	+	NaN	∞	-∞	‰
nl-SX	3	,	.	3	1	Cg.	2	,	.	3	2	12	%	3	,	.	3	1	1	-	+	NaN	∞	-∞	‰
nmg	3	,	 	3	1	¤	2	,	 	3	3	8	%	3	,	 	3	1	1	-	+	NaN	∞	-∞	‰
nmg-CM	3	,	 	3	1	FCFA	0	,	 	3	3	8	%	3	,	 	3	1	1	-	+	NaN	∞	-∞	‰
nn	3	,	 	3	1	¤	2	,	 	3	3	8	%	3	,	 	3	0	0	−	+	NaN	∞	−∞	‰
nn-NO	3	,	 	3	1	kr	2	,	 	3	3	8	%	3	,	 	3	0	0	−	+	NaN	∞	−∞	‰
nnh	3	,	.	3	1	¤	2	,	.	3	2	9	%	3	,	.	3	1	1	-	+	NaN	∞	-∞	‰
nnh-CM	3	,	.	3	1	FCFA	0	,	.	3	2	9	%	3	,	.	3	1	1	-	+	NaN	∞	-∞	‰
no	3	,	 	3	1	¤	2	,	 	3	3	8	%	3	,	 	3	0	0	−	+	NaN	∞	−∞	‰
nqo	3	.	،	3	1	¤	2	.	،	3	2	9	%	3	.	،	3	1	1	-	+	NaN	∞	-∞	‰
nqo-GN	3	.	،	3	1	߿	0	.	،	3	2	9	%	3	.	،	3	1	1	-	+	NaN	∞	-∞	‰
nso	3	.	 	3	1	¤	2	.	 	3	2	9	%	3	.	 	3	1	1	-	+	NaN	∞	-∞	‰
nso-ZA	3	.	 	3	1	R	2	.	 	3	2	9	%	3	.	 	3	1	1	-	+	NaN	∞	-∞	‰
nus	3	.	,	3	1	¤	2	.	,	3	0	1	%	3	.	,	3	1	1	-	+	NaN	∞	-∞	‰
nus-SS	3	.	,	3	1	£	2	.	,	3	0	1	%	3	.	,	3	1	1	-	+	NaN	∞	-∞	‰
nyn	3	.	,	3	1	¤	2	.	,	3	0	1	%	3	.	,	3	1	1	-	+	NaN	∞	-∞	‰
nyn-UG	3	.	,	3	1	USh	0	.	,	3	0	1	%	3	.	,	3	1	1	-	+	NaN	∞	-∞	‰
oc	3	,	 	3	1	¤	2	,	 	3	1	5	%	3	,	 	3	1	1	-	+	NaN	∞	-∞	‰
oc-ES	3	,	 	3	1	€	2	,	 	3	1	5	%	3	,	 	3	1	1	-	+	NaN	∞	-∞	‰
oc-FR	3	,	 	3	1	€	2	,	 	3	1	5	%	3	,	 	3	1	1	-	+	NaN	∞	-∞	‰
om	3	.	,	3	1	¤	2	.	,	3	0	1	%	3	.	,	3	1	1	-	+	NaN	∞	-∞	‰
om-ET	3	.	,	3	1	Br	2	.	,	3	0	1	%	3	.	,	3	1	1	-	+	NaN	∞	-∞	‰
om-KE	3	.	,	3	1	Ksh	2	.	,	3	0	1	%	3	.	,	3	1	1	-	+	NaN	∞	-∞	‰
or	3	.	,	3,2	1	¤	2	.	,	3	0	1	%	3	.	,	3,2	1	1	-	+	NaN	∞	-∞	‰
or-IN	3	.	,	3,2	1	₹	2	.	,	3	0	1	%	3	.	,	3,2	1	1	-	+	NaN	∞	-∞	‰
os	3	,	 	3	1	¤	2	,	 	3	2	9	%	3	,	 	3	1	1	-	+	НН	∞	-∞	‰
os-GE	3	,	 	3	1	₾	2	,	 	3	2	9	%	3	,	 	3	1	1	-	+	НН	∞	-∞	‰
os-RU	3	,	 	3	1	₽	2	,	 	3	2	9	%	3	,	 	3	1	1	-	+	НН	∞	-∞	‰
pa	3	.	,	3,2	1	¤	2	.	,	3,2	0	1	%	3	.	,	3,2	1	1	-	+	NaN	∞	-∞	‰
pa-Arab	3	٫	٬	3	1	¤	2	٫	٬	3	2	9	٪	3	٫	٬	3	1	1	‎-‎	‎+‎	NaN	∞	‎-‎∞	؉
pa-Arab-PK	3	٫	٬	3	1	ر	2	٫	٬	3	2	9	٪	3	٫	٬	3	1	1	‎-‎	‎+‎	NaN	∞	‎-‎∞	؉
pa-Guru	3	.	,	3,2	1	¤	2	.	,	3,2	0	1	%	3	.	,	3,2	1	1	-	+	NaN	∞	-∞	‰
pa-Guru-IN	3	.	,	3,2	1	₹	2	.	,	3,2	0	1	%	3	.	,	3,2	1	1	-	+	NaN	∞	-∞	‰
pcm	3	.	,	3	1	¤	2	.	,	3	0	1	%	3	.	,	3	1	1	-	+	NaN	∞	-∞	‰
pcm-NG	3	.	,	3	1	₦	2	.	,	3	0	1	%	3	.	,	3	1	1	-	+	NaN	∞	-∞	‰
pl	3	,	 	3	1	¤	2	,	 	3	3	8	%	3	,	 	3	1	1	-	+	NaN	∞	-∞	‰
pl-PL	3	,	 	3	1	zł	2	,	 	3	3	8	%	3	,	 	3	1	1	-	+	NaN	∞	-∞	‰
prg	3	,	 	3	1	¤	2	,	 	3	3	8	%	3	,	 	3	1	1	-	+	NaN	∞	-∞	‰
prg-PL	3	,	 	3	1	PLN	2	,	 	3	3	8	%	3	,	 	3	1	1	-	+	NaN	∞	-∞	‰
ps	3	٫	٬	3	1	¤	2	٫	٬	3	2	9	٪	3	٫	٬	3	1	1	‎-‎	‎+‎	NaN	∞	‎-‎∞	؉
ps-AF	3	٫	٬	3	1	؋	0	٫	٬	3	2	9	٪	3	٫	٬	3	1	1	‎-‎	‎+‎	NaN	∞	‎-‎∞	؉
ps-PK	3	٫	٬	3	1	Rs	2	٫	٬	3	2	9	٪	3	٫	٬	3	1	1	‎-‎	‎+‎	NaN	∞	‎-‎∞	؉
pt	3	,	.	3	1	¤	2	,	.	3	2	9	%	3	,	.	3	1	1	-	+	NaN	∞	-∞	‰
pt-AO	3	,	 	3	1	Kz	2	,	 	3	3	8	%	3	,	 	3	1	1	-	+	NaN	∞	-∞	‰
pt-BR	3	,	.	3	1	R$	2	,	.	3	2	9	%	3	,	.	3	1	1	-	+	NaN	∞	-∞	‰
pt-CH	3	,	 	3	1	CHF	2	,	 	3	3	8	%	3	,	 	3	1	1	-	+	NaN	∞	-∞	‰
pt-CV	3	,	 	3	1	​	2	$	 	3	3	8	%	3	,	 	3	1	1	-	+	NaN	∞	-∞	‰
pt-GQ	3	,	 	3	1	FCFA	0	,	 	3	3	8	%	3	,	 	3	1	1	-	+	NaN	∞	-∞	‰
pt-GW	3	,	 	3	1	F CFA	0	,	 	3	3	8	%	3	,	 	3	1	1	-	+	NaN	∞	-∞	‰
pt-LU	3	,	 	3	1	€	2	,	 	3	3	8	%	3	,	 	3	1	1	-	+	NaN	∞	-∞	‰
pt-MO	3	,	 	3	1	MOP$	2	,	 	3	3	8	%	3	,	 	3	1	1	-	+	NaN	∞	-∞	‰
pt-MZ	3	,	 	3	1	MTn	2	,	 	3	3	8	%	3	,	 	3	1	1	-	+	NaN	∞	-∞	‰
pt-PT	3	,	 	3	1	€	2	,	 	3	3	8	%	3	,	 	3	1	1	-	+	NaN	∞	-∞	‰
pt-ST	3	,	 	3	1	Db	2	,	 	3	3	8	%	3	,	 	3	1	1	-	+	NaN	∞	-∞	‰
pt-TL	3	,	 	3	1	US$	2	,	 	3	3	8	%	3	,	 	3	1	1	-	+	NaN	∞	-∞	‰
qu	3	.	,	3	1	¤	2	.	,	3	2	9	%	3	.	,	3	0	0	-	+	NaN	∞	-∞	‰
qu-BO	3	,	.	3	1	Bs	2	,	.	3	2	9	%	3	,	.	3	0	0	-	+	NaN	∞	-∞	‰
qu-EC	3	.	,	3	1	$	2	.	,	3	2	9	%	3	.	,	3	0	0	-	+	NaN	∞	-∞	‰
qu-PE	3	.	,	3	1	S/	2	.	,	3	2	9	%	3	.	,	3	0	0	-	+	NaN	∞	-∞	‰
raj	3	.	,	3	1	¤	2	.	,	3	2	9	%	3	.	,	3	1	1	-	+	NaN	∞	-∞	‰
raj-IN	3	.	,	3	1	₹	2	.	,	3	2	9	%	3	.	,	3	1	1	-	+	NaN	∞	-∞	‰
rm	3	.	’	3	1	¤	2	.	’	3	3	8	%	3	.	’	3	0	0	−	+	NaN	∞	−∞	‰
rm-CH	3	.	’	3	1	CHF	2	.	’	3	3	8	%	3	.	’	3	0	0	−	+	NaN	∞	−∞	‰
rn	3	,	.	3	1	¤	2	,	.	3	1	5	%	3	,	.	3	0	0	-	+	NaN	∞	-∞	‰
rn-BI	3	,	.	3	1	FBu	0	,	.	3	1	5	%	3	,	.	3	0	0	-	+	NaN	∞	-∞	‰
ro	3	,	.	3	1	¤	2	,	.	3	3	8	%	3	,	.	3	0	0	-	+	NaN	∞	-∞	‰
ro-MD	3	,	.	3	1	L	2	,	.	3	3	8	%	3	,	.	3	0	0	-	+	NaN	∞	-∞	‰
ro-RO	3	,	.	3	1	RON	2	,	.	3	3	8	%	3	,	.	3	0	0	-	+	NaN	∞	-∞	‰
rof	3	.	,	3	1	¤	2	.	,	3	0	1	%	3	.	,	3	1	1	-	+	NaN	∞	-∞	‰
rof-TZ	3	.	,	3	1	TSh	2	.	,	3	0	1	%	3	.	,	3	1	1	-	+	NaN	∞	-∞	‰
ru	3	,	 	3	1	¤	2	,	 	3	3	8	%	3	,	 	3	0	0	-	+	не число	∞	-∞	‰
ru-BY	3	,	 	3	1	Br	2	,	 	3	3	8	%	3	,	 	3	0	0	-	+	не число	∞	-∞	‰
ru-KG	3	,	 	3	1	сом	2	,	 	3	3	8	%	3	,	 	3	0	0	-	+	не число	∞	-∞	‰
ru-KZ	3	,	 	3	1	₸	2	,	 	3	3	8	%	3	,	 	3	0	0	-	+	не число	∞	-∞	‰
ru-MD	3	,	 	3	1	L	2	,	 	3	3	8	%	3	,	 	3	0	0	-	+	не число	∞	-∞	‰
ru-RU	3	,	 	3	1	₽	2	,	 	3	3	8	%	3	,	 	3	0	0	-	+	не число	∞	-∞	‰
ru-UA	3	,	 	3	1	₴	2	,	 	3	3	8	%	3	,	 	3	0	0	-	+	не число	∞	-∞	‰
rw	3	,	.	3	1	¤	2	,	.	3	2	9	%	3	,	.	3	1	1	-	+	NaN	∞	-∞	‰
rw-RW	3	,	.	3	1	RF	0	,	.	3	2	9	%	3	,	.	3	1	1	-	+	NaN	∞	-∞	‰
rwk	3	.	,	3	1	¤	2	.	,	3	1	5	%	3	.	,	3	1	1	-	+	NaN	∞	-∞	‰
rwk-TZ	3	.	,	3	1	TSh	2	.	,	3	1	5	%	3	.	,	3	1	1	-	+	NaN	∞	-∞	‰
sa	3	.	,	3,2	1	¤	2	.	,	3,2	0	1	%	3	.	,	3,2	1	1	-	+	NaN	∞	-∞	‰
sa-IN	3	.	,	3,2	1	₹	2	.	,	3,2	0	1	%	3	.	,	3,2	1	1	-	+	NaN	∞	-∞	‰
sah	3	,	 	3	1	¤	2	,	 	3	3	8	%	3	,	 	3	1	1	-	+	чыыһыла буотах	∞	-∞	‰
sah-RU	3	,	 	3	1	₽	2	,	 	3	3	8	%	3	,	 	3	1	1	-	+	чыыһыла буотах	∞	-∞	‰
saq	3	.	,	3	1	¤	2	.	,	3	0	1	%	3	.	,	3	1	1	-	+	NaN	∞	-∞	‰
saq-KE	3	.	,	3	1	Ksh	2	.	,	3	0	1	%	3	.	,	3	1	1	-	+	NaN	∞	-∞	‰
sat	3	.	,	3	1	¤	2	.	,	3	2	9	%	3	.	,	3	1	1	-	+	NaN	∞	-∞	‰
sat-Olck	3	.	,	3	1	¤	2	.	,	3	2	9	%	3	.	,	3	1	1	-	+	NaN	∞	-∞	‰
sat-Olck-IN	3	.	,	3	1	₹	2	.	,	3	2	9	%	3	.	,	3	1	1	-	+	NaN	∞	-∞	‰
sbp	3	.	,	3	1	¤	2	.	,	3	1	5	%	3	.	,	3	1	1	-	+	NaN	∞	-∞	‰
sbp-TZ	3	.	,	3	1	TSh	2	.	,	3	1	5	%	3	.	,	3	1	1	-	+	NaN	∞	-∞	‰
sc	3	,	.	3	1	¤	2	,	.	3	3	8	%	3	,	.	3	1	1	-	+	NaN	∞	-∞	‰
sc-IT	3	,	.	3	1	€	2	,	.	3	3	8	%	3	,	.	3	1	1	-	+	NaN	∞	-∞	‰
sd	3	.	٬	3	1	¤	2	.	٬	3	3	8	٪؜	3	.	٬	3	1	1	؜-	؜+	NaN	∞	؜-∞	؉
sd-Arab	3	.	٬	3	1	¤	2	.	٬	3	3	8	٪؜	3	.	٬	3	1	1	؜-	؜+	NaN	∞	؜-∞	؉
sd-Arab-PK	3	.	٬	3	1	Rs	2	.	٬	3	3	8	٪؜	3	.	٬	3	1	1	؜-	؜+	NaN	∞	؜-∞	؉
sd-Deva	3	.	,	3	1	¤	2	.	,	3	2	9	%	3	.	,	3	1	1	-	+	NaN	∞	-∞	‰
sd-Deva-IN	3	.	,	3	1	₹	2	.	,	3	2	9	%	3	.	,	3	1	1	-	+	NaN	∞	-∞	‰
se	3	,	 	3	1	¤	2	,	 	3	3	8	%	3	,	 	3	0	0	−	+	NaN	∞	−∞	‰
se-FI	3	,	 	3	1	€	2	,	 	3	3	8	%	3	,	 	3	0	0	−	+	NaN	∞	−∞	‰
se-NO	3	,	 	3	1	kr	2	,	 	3	3	8	%	3	,	 	3	0	0	−	+	NaN	∞	−∞	‰
se-SE	3	,	 	3	1	kr	2	,	 	3	3	8	%	3	,	 	3	0	0	−	+	NaN	∞	−∞	‰
seh	3	,	.	3	1	¤	2	,	.	3	1	5	%	3	,	.	3	1	1	-	+	NaN	∞	-∞	‰
seh-MZ	3	,	.	3	1	MTn	2	,	.	3	1	5	%	3	,	.	3	1	1	-	+	NaN	∞	-∞	‰
ses	3	.	 	3	1	¤	2	.	 	3	1	5	%	3	.	 	3	1	1	-	+	NaN	∞	-∞	‰
ses-ML	3	.	 	3	1	F CFA	0	.	 	3	1	5	%	3	.	 	3	1	1	-	+	NaN	∞	-∞	‰
sg	3	,	.	3	1	¤	2	,	.	3	0	2	%	3	,	.	3	1	1	-	+	NaN	∞	-∞	‰
sg-CF	3	,	.	3	1	FCFA	0	,	.	3	0	2	%	3	,	.	3	1	1	-	+	NaN	∞	-∞	‰
shi	3	,	 	3	1	¤	2	,	 	3	1	5	%	3	,	 	3	1	1	-	+	NaN	∞	-∞	‰
shi-Latn	3	,	 	3	1	¤	2	,	 	3	1	5	%	3	,	 	3	1	1	-	+	NaN	∞	-∞	‰
shi-Latn-MA	3	,	 	3	1	MAD	2	,	 	3	1	5	%	3	,	 	3	1	1	-	+	NaN	∞	-∞	‰
shi-Tfng	3	,	 	3	1	¤	2	,	 	3	1	5	%	3	,	 	3	1	1	-	+	NaN	∞	-∞	‰
shi-Tfng-MA	3	,	 	3	1	MAD	2	,	 	3	1	5	%	3	,	 	3	1	1	-	+	NaN	∞	-∞	‰
si	3	.	,	3	1	¤	2	.	,	3	0	1	%	3	.	,	3	1	1	-	+	NaN	∞	-∞	‰
si-LK	3	.	,	3	1	රු.	2	.	,	3	0	1	%	3	.	,	3	1	1	-	+	NaN	∞	-∞	‰
sk	3	,	 	3	1	¤	2	,	 	3	3	8	%	3	,	 	3	0	0	-	+	NaN	∞	-∞	‰
sk-SK	3	,	 	3	1	€	2	,	 	3	3	8	%	3	,	 	3	0	0	-	+	NaN	∞	-∞	‰
sl	3	,	.	3	1	¤	2	,	.	3	3	8	%	3	,	.	3	0	0	−	+	NaN	∞	−∞	‰
sl-SI	3	,	.	3	1	€	2	,	.	3	3	8	%	3	,	.	3	0	0	−	+	NaN	∞	−∞	‰
smn	3	,	 	3	1	¤	2	,	 	3	3	8	%	3	,	 	3	0	0	-	+	epiloho	∞	-∞	‰
smn-FI	3	,	 	3	1	€	2	,	 	3	3	8	%	3	,	 	3	0	0	-	+	epiloho	∞	-∞	‰
sn	3	.	,	3	1	¤	2	.	,	3	0	1	%	3	.	,	3	1	1	-	+	NaN	∞	-∞	‰
sn-ZW	3	.	,	3	1	ZWG	2	.	,	3	0	1	%	3	.	,	3	1	1	-	+	NaN	∞	-∞	‰
so	3	.	,	3	1	¤	2	.	,	3	0	1	%	3	.	,	3	1	1	-	+	MaL	∞	-∞	‰
so-DJ	3	.	,	3	1	Fdj	0	.	,	3	0	1	%	3	.	,	3	1	1	-	+	MaL	∞	-∞	‰
so-ET	3	.	,	3	1	Br	2	.	,	3	0	1	%	3	.	,	3	1	1	-	+	MaL	∞	-∞	‰
so-KE	3	.	,	3	1	Ksh	2	.	,	3	0	1	%	3	.	,	3	1	1	-	+	MaL	∞	-∞	‰
so-SO	3	.	,	3	1	S	0	.	,	3	0	1	%	3	.	,	3	1	1	-	+	MaL	∞	-∞	‰
sq	3	,	 	3	1	¤	2	,	 	3	3	8	%	3	,	 	3	1	1	-	+	NaN	∞	-∞	‰
sq-AL	3	,	 	3	1	Lekë	0	,	 	3	3	8	%	3	,	 	3	1	1	-	+	NaN	∞	-∞	‰
sq-MK	3	,	 	3	1	den	2	,	 	3	3	8	%	3	,	 	3	1	1	-	+	NaN	∞	-∞	‰
sq-XK	3	,	 	3	1	€	2	,	 	3	3	8	%	3	,	 	3	1	1	-	+	NaN	∞	-∞	‰
sr	3	,	.	3	1	¤	2	,	.	3	3	8	%	3	,	.	3	1	1	-	+	NaN	∞	-∞	‰
sr-Cyrl	3	,	.	3	1	¤	2	,	.	3	3	8	%	3	,	.	3	1	1	-	+	NaN	∞	-∞	‰
sr-Cyrl-BA	3	,	.	3	1	КМ	2	,	.	3	3	8	%	3	,	.	3	1	1	-	+	NaN	∞	-∞	‰
sr-Cyrl-ME	3	,	.	3	1	€	2	,	.	3	3	8	%	3	,	.	3	1	1	-	+	NaN	∞	-∞	‰
sr-Cyrl-RS	3	,	.	3	1	RSD	0	,	.	3	3	8	%	3	,	.	3	1	1	-	+	NaN	∞	-∞	‰
sr-Cyrl-XK	3	,	.	3	1	€	2	,	.	3	3	8	%	3	,	.	3	1	1	-	+	NaN	∞	-∞	‰
sr-Latn	3	,	.	3	1	¤	2	,	.	3	3	8	%	3	,	.	3	1	1	-	+	NaN	∞	-∞	‰
sr-Latn-BA	3	,	.	3	1	KM	2	,	.	3	3	8	%	3	,	.	3	1	1	-	+	NaN	∞	-∞	‰
sr-Latn-ME	3	,	.	3	1	€	2	,	.	3	3	8	%	3	,	.	3	1	1	-	+	NaN	∞	-∞	‰
sr-Latn-RS	3	,	.	3	1	RSD	0	,	.	3	3	8	%	3	,	.	3	1	1	-	+	NaN	∞	-∞	‰
sr-Latn-XK	3	,	.	3	1	€	2	,	.	3	3	8	%	3	,	.	3	1	1	-	+	NaN	∞	-∞	‰
st	3	.	,	3	1	¤	2	.	,	3	0	1	%	3	.	,	3	1	1	-	+	NaN	∞	-∞	‰
st-LS	3	.	,	3	1	R	2	.	,	3	0	1	%	3	.	,	3	1	1	-	+	NaN	∞	-∞	‰
st-ZA	3	.	,	3	1	R	2	.	,	3	0	1	%	3	.	,	3	1	1	-	+	NaN	∞	-∞	‰
su	3	,	.	3	1	¤	2	,	.	3	0	1	%	3	,	.	3	1	1	-	+	NaN	∞	-∞	‰
su-Latn	3	,	.	3	1	¤	2	,	.	3	0	1	%	3	,	.	3	1	1	-	+	NaN	∞	-∞	‰
su-Latn-ID	3	,	.	3	1	Rp	2	,	.	3	0	1	%	3	,	.	3	1	1	-	+	NaN	∞	-∞	‰
sv	3	,	 	3	1	¤	2	,	 	3	3	8	%	3	,	 	3	0	0	−	+	NaN	∞	−∞	‰
sv-AX	3	,	 	3	1	€	2	,	 	3	3	8	%	3	,	 	3	0	0	−	+	NaN	∞	−∞	‰
sv-FI	3	,	 	3	1	€	2	,	 	3	3	8	%	3	,	 	3	0	0	−	+	NaN	∞	−∞	‰
sv-SE	3	,	 	3	1	kr	2	,	 	3	3	8	%	3	,	 	3	0	0	−	+	NaN	∞	−∞	‰
sw	3	.	,	3	1	¤	2	.	,	3	2	9	%	3	.	,	3	1	1	-	+	NaN	∞	-∞	‰
sw-CD	3	,	.	3	1	FC	2	,	.	3	2	9	%	3	,	.	3	1	1	-	+	NaN	∞	-∞	‰
sw-KE	3	.	,	3	1	Ksh	2	.	,	3	2	9	%	3	.	,	3	1	1	-	+	NaN	∞	-∞	‰
sw-TZ	3	.	,	3	1	TSh	2	.	,	3	2	9	%	3	.	,	3	1	1	-	+	NaN	∞	-∞	‰
sw-UG	3	.	,	3	1	USh	0	.	,	3	2	9	%	3	.	,	3	1	1	-	+	NaN	∞	-∞	‰
syr	3	.	,	3	1	¤	2	.	,	3	2	9	%	3	.	,	3	1	1	-	+	NaN	∞	-∞	‰
syr-IQ	3	.	,	3	1	IQD	0	.	,	3	2	9	%	3	.	,	3	1	1	-	+	NaN	∞	-∞	‰
syr-SY	3	.	,	3	1	SYP	0	.	,	3	2	9	%	3	.	,	3	1	1	-	+	NaN	∞	-∞	‰
szl	3	,	 	3	1	¤	2	,	 	3	3	8	%	3	,	 	3	1	1	-	+	NaN	∞	-∞	‰
szl-PL	3	,	 	3	1	zł	2	,	 	3	3	8	%	3	,	 	3	1	1	-	+	NaN	∞	-∞	‰
ta	3	.	,	3,2	1	¤	2	.	,	3,2	0	1	%	3	.	,	3,2	1	1	-	+	NaN	∞	-∞	‰
ta-IN	3	.	,	3,2	1	₹	2	.	,	3,2	0	1	%	3	.	,	3,2	1	1	-	+	NaN	∞	-∞	‰
ta-LK	3	.	,	3,2	1	Rs.	2	.	,	3,2	0	1	%	3	.	,	3,2	1	1	-	+	NaN	∞	-∞	‰
ta-MY	3	.	,	3	1	RM	2	.	,	3	2	9	%	3	.	,	3	1	1	-	+	NaN	∞	-∞	‰
ta-SG	3	.	,	3	1	$	2	.	,	3	2	9	%	3	.	,	3	1	1	-	+	NaN	∞	-∞	‰
te	3	.	,	3,2	1	¤	2	.	,	3,2	0	1	%	3	.	,	3,2	1	1	-	+	NaN	∞	-∞	‰
te-IN	3	.	,	3,2	1	₹	2	.	,	3,2	0	1	%	3	.	,	3,2	1	1	-	+	NaN	∞	-∞	‰
teo	3	.	,	3	1	¤	2	.	,	3	0	1	%	3	.	,	3	1	1	-	+	NaN	∞	-∞	‰
teo-KE	3	.	,	3	1	Ksh	2	.	,	3	0	1	%	3	.	,	3	1	1	-	+	NaN	∞	-∞	‰
teo-UG	3	.	,	3	1	USh	0	.	,	3	0	1	%	3	.	,	3	1	1	-	+	NaN	∞	-∞	‰
tg	3	,	 	3	1	¤	2	,	 	3	3	8	%	3	,	 	3	1	1	-	+	NaN	∞	-∞	‰
tg-TJ	3	,	 	3	1	сом.	2	,	 	3	3	8	%	3	,	 	3	1	1	-	+	NaN	∞	-∞	‰
th	3	.	,	3	1	¤	2	.	,	3	0	1	%	3	.	,	3	1	1	-	+	NaN	∞	-∞	‰
th-TH	3	.	,	3	1	฿	2	.	,	3	0	1	%	3	.	,	3	1	1	-	+	NaN	∞	-∞	‰
ti	3	.	,	3	1	¤	2	.	,	3	0	1	%	3	.	,	3	1	1	-	+	NaN	∞	-∞	‰
ti-ER	3	.	,	3	1	Nfk	2	.	,	3	0	1	%	3	.	,	3	1	1	-	+	NaN	∞	-∞	‰
ti-ET	3	.	,	3	1	Br	2	.	,	3	0	1	%	3	.	,	3	1	1	-	+	NaN	∞	-∞	‰
tk	3	,	 	3	1	¤	2	,	 	3	3	8	%	3	,	 	3	0	0	-	+	san däl	∞	-∞	‰
tk-TM	3	,	 	3	1	TMT	2	,	 	3	3	8	%	3	,	 	3	0	0	-	+	san däl	∞	-∞	‰
tn	3	.	’	3	1	¤	2	.	’	3	0	1	%	3	.	’	3	1	1	-	+	NaN	∞	-∞	‰
tn-BW	3	.	’	3	1	P	2	.	’	3	0	1	%	3	.	’	3	1	1	-	+	NaN	∞	-∞	‰
tn-ZA	3	.	’	3	1	R	2	.	’	3	0	1	%	3	.	’	3	1	1	-	+	NaN	∞	-∞	‰
to	3	.	,	3	1	¤	2	.	,	3	2	9	%	3	.	,	3	1	1	-	+	TF	∞	-∞	‰
to-TO	3	.	,	3	1	T$	2	.	,	3	2	9	%	3	.	,	3	1	1	-	+	TF	∞	-∞	‰
tok	3	,	 	2	1	¤	2	,	 	2	0	1	%	3	,	 	2	2	2	-	+	NaN	∞	-∞	‰
tok-001	3	,	 	2	1	¤	2	,	 	2	0	1	%	3	,	 	2	2	2	-	+	NaN	∞	-∞	‰
tr	3	,	.	3	1	¤	2	,	.	3	0	1	%	3	,	.	3	2	2	-	+	NaN	∞	-∞	‰
tr-CY	3	,	.	3	1	€	2	,	.	3	0	1	%	3	,	.	3	2	2	-	+	NaN	∞	-∞	‰
tr-TR	3	,	.	3	1	₺	2	,	.	3	0	1	%	3	,	.	3	2	2	-	+	NaN	∞	-∞	‰
tt	3	,	 	3	1	¤	2	,	 	3	3	8	%	3	,	 	3	0	0	-	+	NaN	∞	-∞	‰
tt-RU	3	,	 	3	1	₽	2	,	 	3	3	8	%	3	,	 	3	0	0	-	+	NaN	∞	-∞	‰
twq	3	.	 	3	1	¤	2	.	 	3	1	5	%	3	.	 	3	1	1	-	+	NaN	∞	-∞	‰
twq-NE	3	.	 	3	1	F CFA	0	.	 	3	1	5	%	3	.	 	3	1	1	-	+	NaN	∞	-∞	‰
tzm	3	,	 	3	1	¤	2	,	 	3	3	8	%	3	,	 	3	1	1	-	+	NaN	∞	-∞	‰
tzm-MA	3	,	 	3	1	MAD	2	,	 	3	3	8	%	3	,	 	3	1	1	-	+	NaN	∞	-∞	‰
ug	3	.	,	3	1	¤	2	.	,	3	0	1	%	3	.	,	3	1	1	-	+	NaN	∞	-∞	‰
ug-CN	3	.	,	3	1	￥	2	.	,	3	0	1	%	3	.	,	3	1	1	-	+	NaN	∞	-∞	‰
uk	3	,	 	3	1	¤	2	,	 	3	3	8	%	3	,	 	3	1	1	-	+	NaN	∞	-∞	‰
uk-UA	3	,	 	3	1	₴	2	,	 	3	3	8	%	3	,	 	3	1	1	-	+	NaN	∞	-∞	‰
ur	3	.	,	3	1	¤	2	.	,	3	0	1	%	3	.	,	3	1	1	‎-	‎+	NaN	∞	‎-∞	‰
ur-IN	3	٫	٬	3	1	₹	2	٫	٬	3,2	2	9	%	3	٫	٬	3	1	1	‎-‎	‎+‎	NaN	∞	‎-‎∞	‰
ur-PK	3	.	,	3	1	Rs	2	.	,	3	0	1	%	3	.	,	3	1	1	‎-	‎+	NaN	∞	‎-∞	‰
uz	3	,	 	3	1	¤	2	,	 	3	3	8	%	3	,	 	3	1	1	-	+	son emas	∞	-∞	‰
uz-Arab	3	٫	٬	3	1	¤	2	٫	٬	3	2	9	٪	3	٫	٬	3	1	1	‎-‎	‎+‎	NaN	∞	‎-‎∞	؉
uz-Arab-AF	3	٫	٬	3	1	؋	0	٫	٬	3	2	9	٪	3	٫	٬	3	1	1	‎-‎	‎+‎	NaN	∞	‎-‎∞	؉
uz-Cyrl	3	,	 	3	1	¤	2	,	 	3	3	8	%	3	,	 	3	1	1	-	+	ҳақиқий сон эмас	∞	-∞	‰
uz-Cyrl-UZ	3	,	 	3	1	сўм	2	,	 	3	3	8	%	3	,	 	3	1	1	-	+	ҳақиқий сон эмас	∞	-∞	‰
uz-Latn	3	,	 	3	1	¤	2	,	 	3	3	8	%	3	,	 	3	1	1	-	+	son emas	∞	-∞	‰
uz-Latn-UZ	3	,	 	3	1	soʻm	2	,	 	3	3	8	%	3	,	 	3	1	1	-	+	son emas	∞	-∞	‰
vai	3	.	,	3	1	¤	2	.	,	3	0	1	%	3	.	,	3	1	1	-	+	NaN	∞	-∞	‰
vai-Latn	3	.	,	3	1	¤	2	.	,	3	0	1	%	3	.	,	3	1	1	-	+	NaN	∞	-∞	‰
vai-Latn-LR	3	.	,	3	1	$	2	.	,	3	0	1	%	3	.	,	3	1	1	-	+	NaN	∞	-∞	‰
vai-Vaii	3	.	,	3	1	¤	2	.	,	3	0	1	%	3	.	,	3	1	1	-	+	NaN	∞	-∞	‰
vai-Vaii-LR	3	.	,	3	1	$	2	.	,	3	0	1	%	3	.	,	3	1	1	-	+	NaN	∞	-∞	‰
vec	3	,	 	3	1	¤	2	,	 	3	1	5	%	3	,	 	3	1	1	-	+	NaN	∞	-∞	‰
vec-IT	3	,	 	3	1	EUR	2	,	 	3	1	5	%	3	,	 	3	1	1	-	+	NaN	∞	-∞	‰
vi	3	,	.	3	1	¤	2	,	.	3	3	8	%	3	,	.	3	1	1	-	+	NaN	∞	-∞	‰
vi-VN	3	,	.	3	1	₫	0	,	.	3	3	8	%	3	,	.	3	1	1	-	+	NaN	∞	-∞	‰
vmw	3	,	.	3	1	¤	2	,	.	3	3	8	%	3	,	.	3	1	1	-	+	NaN	∞	-∞	‰
vmw-MZ	3	,	.	3	1	MZN	2	,	.	3	3	8	%	3	,	.	3	1	1	-	+	NaN	∞	-∞	‰
vun	3	.	,	3	1	¤	2	.	,	3	0	1	%	3	.	,	3	1	1	-	+	NaN	∞	-∞	‰
vun-TZ	3	.	,	3	1	TSh	2	.	,	3	0	1	%	3	.	,	3	1	1	-	+	NaN	∞	-∞	‰
wae	3	,	’	3	1	¤	2	,	’	3	2	9	%	3	,	’	3	1	1	-	+	NaN	∞	-∞	‰
wae-CH	3	,	’	3	1	CHF	2	,	’	3	2	9	%	3	,	’	3	1	1	-	+	NaN	∞	-∞	‰
wo	3	,	.	3	1	¤	2	,	.	3	2	9	%	3	,	.	3	1	1	-	+	NaN	∞	-∞	‰
wo-SN	3	,	.	3	1	F CFA	0	,	.	3	2	9	%	3	,	.	3	1	1	-	+	NaN	∞	-∞	‰
xh	3	.	 	3	1	¤	2	.	 	3	0	1	%	3	.	 	3	1	1	-	+	NaN	∞	-∞	‰
xh-ZA	3	.	 	3	1	R	2	.	 	3	0	1	%	3	.	 	3	1	1	-	+	NaN	∞	-∞	‰
xnr	3	.	,	3,2	1	¤	2	.	,	3,2	0	1	%	3	.	,	3,2	1	1	-	+	NaN	∞	-∞	‰
xnr-IN	3	.	,	3,2	1	₹	2	.	,	3,2	0	1	%	3	.	,	3,2	1	1	-	+	NaN	∞	-∞	‰
xog	3	.	,	3	1	¤	2	.	,	3	3	8	%	3	.	,	3	1	1	-	+	NaN	∞	-∞	‰
xog-UG	3	.	,	3	1	USh	0	.	,	3	3	8	%	3	.	,	3	1	1	-	+	NaN	∞	-∞	‰
yav	3	,	 	3	1	¤	2	,	 	3	3	8	%	3	,	 	3	1	1	-	+	NaN	∞	-∞	‰
yav-CM	3	,	 	3	1	FCFA	0	,	 	3	3	8	%	3	,	 	3	1	1	-	+	NaN	∞	-∞	‰
yi	3	.	,	3	1	¤	2	.	,	3	2	9	%	3	.	,	3	1	1	-	+	NaN	∞	-∞	‰
yi-UA	3	.	,	3	1	UAH	2	.	,	3	2	9	%	3	.	,	3	1	1	-	+	NaN	∞	-∞	‰
yo	3	.	,	3	1	¤	2	.	,	3	0	1	%	3	.	,	3	1	1	-	+	NaN	∞	-∞	‰
yo-BJ	3	.	,	3	1	F CFA	0	.	,	3	0	1	%	3	.	,	3	1	1	-	+	NaN	∞	-∞	‰
yo-NG	3	.	,	3	1	₦	2	.	,	3	0	1	%	3	.	,	3	1	1	-	+	NaN	∞	-∞	‰
yrl	3	,	.	3	1	¤	2	,	.	3	2	9	%	3	,	.	3	1	1	-	+	NaN	∞	-∞	‰
yrl-BR	3	,	.	3	1	R$	2	,	.	3	2	9	%	3	,	.	3	1	1	-	+	NaN	∞	-∞	‰
yrl-CO	3	,	.	3	1	$	2	,	.	3	2	9	%	3	,	.	3	1	1	-	+	NaN	∞	-∞	‰
yrl-VE	3	,	.	3	1	Bs.S	2	,	.	3	2	9	%	3	,	.	3	1	1	-	+	NaN	∞	-∞	‰
yue	3	.	,	3	1	¤	2	.	,	3	0	1	%	3	.	,	3	1	1	-	+	非數值	∞	-∞	‰
yue-Hans	3	.	,	3	1	¤	2	.	,	3	0	1	%	3	.	,	3	1	1	-	+	非数值	∞	-∞	‰
yue-Hans-CN	3	.	,	3	1	￥	2	.	,	3	0	1	%	3	.	,	3	1	1	-	+	非数值	∞	-∞	‰
yue-Hant	3	.	,	3	1	¤	2	.	,	3	0	1	%	3	.	,	3	1	1	-	+	非數值	∞	-∞	‰
yue-Hant-CN	3	.	,	3	1	CN¥	2	.	,	3	0	1	%	3	.	,	3	1	1	-	+	非數值	∞	-∞	‰
yue-Hant-HK	3	.	,	3	1	HK$	2	.	,	3	0	1	%	3	.	,	3	1	1	-	+	非數值	∞	-∞	‰
za	3	.	,	3	1	¤	2	.	,	3	2	9	%	3	.	,	3	1	1	-	+	NaN	∞	-∞	‰
za-CN	3	.	,	3	1	CN¥	2	.	,	3	2	9	%	3	.	,	3	1	1	-	+	NaN	∞	-∞	‰
zgh	3	,	 	3	1	¤	2	,	 	3	1	5	%	3	,	 	3	0	0	-	+	NaN	∞	-∞	‰
zgh-MA	3	,	 	3	1	MAD	2	,	 	3	1	5	%	3	,	 	3	0	0	-	+	NaN	∞	-∞	‰
zh	3	.	,	3	1	¤	2	.	,	3	0	1	%	3	.	,	3	1	1	-	+	NaN	∞	-∞	‰
zh-Hans	3	.	,	3	1	¤	2	.	,	3	0	1	%	3	.	,	3	1	1	-	+	NaN	∞	-∞	‰
zh-Hans-CN	3	.	,	3	1	¥	2	.	,	3	0	1	%	3	.	,	3	1	1	-	+	NaN	∞	-∞	‰
zh-Hans-HK	3	.	,	3	1	HK$	2	.	,	3	0	1	%	3	.	,	3	1	1	-	+	NaN	∞	-∞	‰
zh-Hans-MO	3	.	,	3	1	MOP$	2	.	,	3	0	1	%	3	.	,	3	1	1	-	+	NaN	∞	-∞	‰
zh-Hans-MY	3	.	,	3	1	MYR	2	.	,	3	0	1	%	3	.	,	3	1	1	-	+	NaN	∞	-∞	‰
zh-Hans-SG	3	.	,	3	1	$	2	.	,	3	0	1	%	3	.	,	3	1	1	-	+	NaN	∞	-∞	‰
zh-Hant	3	.	,	3	1	¤	2	.	,	3	0	1	%	3	.	,	3	1	1	-	+	非數值	∞	-∞	‰
zh-Hant-HK	3	.	,	3	1	HK$	2	.	,	3	0	1	%	3	.	,	3	1	1	-	+	非數值	∞	-∞	‰
zh-Hant-MO	3	.	,	3	1	MOP$	2	.	,	3	0	1	%	3	.	,	3	1	1	-	+	非數值	∞	-∞	‰
zh-Hant-MY	3	.	,	3	1	MYR	2	.	,	3	0	1	%	3	.	,	3	1	1	-	+	非數值	∞	-∞	‰
zh-Hant-TW	3	.	,	3	1	$	2	.	,	3	0	1	%	3	.	,	3	1	1	-	+	非數值	∞	-∞	‰
zu	3	.	,	3	1	¤	2	.	,	3	0	1	%	3	.	,	3	1	1	-	+	NaN	∞	-∞	‰
zu-ZA	3	.	,	3	1	R	2	.	,	3	0	1	%	3	.	,	3	1	1	-	+	NaN	∞	-∞	‰
